fs,or1,ng,at,cv,oa,or2,R2 adaboost,RMSE adaboost,MAE adaboost,MPE adaboost,R2 bagging,RMSE bagging,MAE bagging,MPE bagging,R2 decision_tree,RMSE decision_tree,MAE decision_tree,MPE decision_tree,R2 elastic_net,RMSE elastic_net,MAE elastic_net,MPE elastic_net,R2 ensemble_voting_bg_mlp_gd_xgb,RMSE ensemble_voting_bg_mlp_gd_xgb,MAE ensemble_voting_bg_mlp_gd_xgb,MPE ensemble_voting_bg_mlp_gd_xgb,R2 gradient_boosting,RMSE gradient_boosting,MAE gradient_boosting,MPE gradient_boosting,R2 mlp,RMSE mlp,MAE mlp,MPE mlp,R2 random_forest,RMSE random_forest,MAE random_forest,MPE random_forest,R2 ridge,RMSE ridge,MAE ridge,MPE ridge,R2 svr_poly_rbf,RMSE svr_poly_rbf,MAE svr_poly_rbf,MPE svr_poly_rbf,R2 xgboost,RMSE xgboost,MAE xgboost,MPE xgboost
0,1,0,0,0,0,0,0.14175159516823305,3205.009600170479,2548.938335612013,0.6791562849409034,0.3201109162585974,2850.6991950567726,2013.5060313495442,0.5319684951469845,-0.27262073674908033,3887.9488903401048,2452.0603617021275,0.5990775191941097,0.250253616742529,2994.50127677584,2299.186045487964,0.5946553307940168,0.359298586843828,2766.928399827028,2027.6537776838552,0.5375696439267381,0.3165889231087124,2858.429858890854,2104.0744548338002,0.5627639650551493,0.21052483447358658,3069.0452495280933,2335.7718187683413,0.5735044693744739,0.31913287979642846,2852.851147288806,2013.8383525612967,0.5332984309589618,0.07061306399642775,3326.7207921451172,2494.4305734303816,0.6143942335497086,-0.021412828941396688,3496.552921100975,2751.4172927355025,0.6956338641787078,0.2909466354257535,2909.2177680478117,2074.6918922680143,0.5480394341476185
0,1,0,0,0,1,0,0.15042919498920598,3185.2948405217744,2473.0339398775236,0.6648906066267373,0.3170860776146358,2853.222228454312,1993.2306911381293,0.5321985991185572,-0.15322603528763062,3689.9586404363013,2426.082844592706,0.6214744388553837,0.2614546616971533,2966.635031680105,2274.418124575578,0.5910685261873238,0.35426127679476077,2773.2119605766165,1995.7994007460638,0.531575493790905,0.2748546992364948,2934.8710906990873,2006.6116462000425,0.530223670886069,0.20244828817144145,3081.5499813168076,2342.004735891828,0.572416138510848,0.3035427816288794,2881.8145176606486,2066.6138311979616,0.5624911424775514,0.07598599678355308,3313.021295500652,2475.203710369963,0.6085670610490216,-0.03686742802490874,3520.3070586441463,2747.7887314423147,0.6956173797594474,0.250781368026836,2985.5987929490425,2085.829795702086,0.5591915890586945
1,0,0,0,0,0,0,0.1190697952520008,3213.2129519698588,2600.935854273595,0.7179012087115371,0.3359825191304823,2790.783231271233,1937.7440698510638,0.507945559007358,-0.24497811873582342,3803.5247271360845,2371.0658744680854,0.5829215968476739,0.2338574311381788,2996.9766123803424,2283.788369215971,0.6147838995862319,0.38406152609836214,2687.4037655300513,1930.6279902155816,0.4978521357514091,0.32102088900412573,2821.4342421392903,2080.8736614466998,0.5475408356412182,0.2059521155381673,3047.5593644478126,2253.1837321840394,0.5181576649881273,0.342729827854324,2775.9544208797265,1929.43006298514,0.5066979377325241,-9.277086714859897e-05,3416.9441020039526,2621.3834949693965,0.6440758613752594,-0.03891218401751591,3490.905076366746,2707.6928196506115,0.6480605448434187,0.29216173449610866,2877.8507429653164,2058.13973607879,0.5190223244163841
1,1,1,1,1,1,0,0.48664588703509537,2476.8234477506126,1796.6433137593797,0.5011718498311102,0.6886355510640568,1924.1910863288006,951.9517545069909,0.24209676142357373,0.5283509952719524,2358.3853458833423,1018.3209463081669,0.2546437092689544,0.5273598093249021,2373.888866723821,1618.8530113778886,0.43561589296225195,0.7161327744413434,1837.0820738737418,963.4516271332859,0.25155513233351895,0.6546182738842847,2023.0149263387395,953.0248331511897,0.24304180857333038,0.5933611059663586,2196.270318026998,1405.2185814228485,0.3502042892029287,0.6850592617747062,1936.225578290857,987.4799110477683,0.2577500256297536,0.4683008907437545,2511.8888595347685,1797.136932815391,0.44182526442547554,-0.052413352901710335,3549.546276813612,2730.020763758803,0.6508846817624753,0.6810095982703744,1946.2555149854907,929.5388788216774,0.2369207854800794
1,1,1,1,0,0,0,0.4900495926944967,2495.2847789125885,1867.6661978623895,0.5281208759784345,0.7138453353915952,1856.57213123985,905.6099643434651,0.23100642915539882,0.4958180716032452,2459.3220392188655,916.6246063829789,0.2096836380466481,0.5296713624512901,2396.913459269055,1638.7360476557828,0.44020631479269107,0.7435267838299471,1758.6422710168254,919.6248920681288,0.22764519452097493,0.7081947905678606,1884.2449343577691,1090.45723278043,0.27571937119872897,0.6179202958707923,2150.6000983923336,1263.364166649789,0.2810818053306152,0.7121276994351428,1860.677580944507,907.4285529756839,0.23011212788525803,0.4333474107621446,2627.706720692949,1878.9176630109241,0.469608070438574,-0.06706214915664716,3611.4214871082427,2737.871050662819,0.6428041862919202,0.7082841117412078,1874.3347481635533,950.9982745110693,0.23891317521474564
1,1,1,0,0,0,0,0.43285793032480074,2570.7036260869613,1895.371868305132,0.5623351878674826,0.718263546310438,1794.3931546667955,813.139326863222,0.2331122108751643,0.5059668066758928,2370.9009779353264,837.0353319148936,0.21658742969861497,0.49469686289995046,2428.668086176462,1680.851131269076,0.48626218595056003,0.7281853395347805,1765.6979531946358,911.8510955676937,0.24439766335623994,0.6753882595875192,1939.3981451738568,1078.2759774565757,0.30006102208802615,0.604873947411385,2133.8905150035594,1278.2797849265107,0.2969298990444521,0.7227411380309675,1778.7676422319223,810.6460090982775,0.23205966395633643,0.4430523449047687,2535.335804600888,1792.5432454539937,0.4641126072780072,-0.024396738472011684,3457.047085350785,2720.6362296013244,0.6896501477720247,0.6730301729073499,1941.6062438138295,943.923957825681,0.2459795947851969
1,1,0,1,0,0,0,0.3629742661878395,2730.4630245079625,2028.804679439726,0.550841951534581,0.4917690891340256,2439.0409064113974,1590.361721315096,0.4020659507855232,0.05065943893129339,3322.2663028464494,1994.408408510638,0.479377798747979,0.3665840469806521,2722.052993292964,1986.747769419844,0.5214697186489087,0.5063467642695868,2401.827493589997,1666.5155997767276,0.4290847255748415,0.4723891122399604,2482.3830796099724,1770.2727910283604,0.45331740739509113,0.2669347492402112,2915.0154052465327,2051.9539604894653,0.4966328925553224,0.4907634418308236,2441.097408637869,1593.5076908642354,0.402165253739087,-0.03825858888635259,3473.6313549800634,2580.753282716514,0.6207851766856498,-0.0694191377417603,3540.9968339598477,2692.86710180205,0.6116515602950422,0.44460534098666293,2544.200779335129,1743.1490431760096,0.4242599495189184
1,0,1,1,1,0,1,0.4782005945816832,2471.836524136336,1862.864225563542,0.527991336519926,0.7478422762507632,1712.64699709513,808.5497415618079,0.2107522977364601,0.5556049076603015,2244.2808514554686,794.7049626035504,0.19820886840323076,0.5551950188756584,2284.325133918053,1569.5665674533457,0.43067183803422365,0.7724357325509623,1626.6433410726331,830.0417141573026,0.209800584343324,0.7313902585352763,1771.2546578500187,1001.6360696103793,0.2509803077692465,0.6717318568382563,1947.0887032731366,1143.5927369092406,0.2563249901387183,0.746550752047387,1716.479116184557,810.8725424739443,0.21143693551442003,0.5157823963224815,2375.919948322935,1686.4821327327168,0.42128589409100103,-0.06468367397433275,3535.037052702388,2716.800098749341,0.639120676467375,0.7409087177198705,1734.8078765364858,857.2241892061218,0.21328365123576704
1,0,1,1,1,1,0,0.47757861813800234,2497.565674933672,1843.2342605121985,0.5186992266173861,0.719886223428561,1819.3960091580655,845.7454511481255,0.21435456271295764,0.5938497138089724,2179.2830721999767,914.339946579353,0.23513486508933276,0.5268190122052652,2374.798883201183,1613.248150631319,0.4353505649731023,0.7452038252756402,1737.8775866421095,871.3450443880627,0.22765063517893325,0.7044339916787343,1864.9646617701073,812.0888116924581,0.2102272635653118,0.6159893736749468,2132.892226015906,1351.2924351367205,0.3412087467722763,0.7098461062397885,1855.1811540103226,918.675095441875,0.24384440772036606,0.5041391701841116,2421.115616392328,1680.1139739188013,0.4178157470447792,-0.021228801853119525,3495.7366114845513,2768.4461473553506,0.7018781081356049,0.7083903872881596,1858.4970813912232,847.3316365545556,0.2156319430908235
1,0,1,1,0,1,1,0.4669750218045192,2532.8953846820073,1884.4113301864907,0.5351203602356831,0.735092006645402,1771.8498537963608,869.1065017075631,0.22745354748736213,0.5674035300171504,2257.3956062116536,1013.9722161700178,0.25956425218362683,0.555729066338165,2312.231881273324,1569.8004587541939,0.4330202268375449,0.7606198270513217,1683.6837379595456,866.414906273504,0.2317807833681328,0.7061441784125563,1860.8406545120379,847.9128791866955,0.22347542991217437,0.6247314823429196,2111.6752355261183,1330.4057084429014,0.3394156361827843,0.7250032180211295,1808.31627430669,942.8276246635822,0.25635226807307987,0.5081353363508071,2422.216913848827,1717.0961256395083,0.4186211396100811,-0.054191603359618465,3565.5718873001456,2707.232160329985,0.6546073853156444,0.7562992501085174,1689.1856006367743,791.9264356446748,0.2120617370423505
1,0,1,1,1,0,0,0.4676662573232768,2520.4657065482133,1892.1980714777417,0.5357820570831434,0.7096061230645483,1854.1247828071764,871.3622026413375,0.24019314273590076,0.5180143047974276,2375.8430978992715,870.890579574468,0.23394651669743957,0.5494070733112815,2320.065395829037,1598.0619311746784,0.4323630217113715,0.7490755522757264,1725.2471154821467,892.6950856772123,0.22778371294948943,0.7025657846592834,1881.3939083581008,1092.4620767076249,0.27605929128808465,0.6888727598567211,1912.4192680696858,1120.0458845472465,0.24450426242748324,0.710490761956898,1851.1624358798906,867.1034611236744,0.24024918533987344,0.5231741446501134,2378.806524946793,1691.0769656091477,0.42386608497195033,-0.06229155467602937,3563.4352527705596,2723.56874026693,0.6365569407037196,0.6907465467805717,1914.0897369974662,977.2292337699646,0.24416025148857654
1,0,1,1,0,0,1,0.46747382624176564,2532.4754748499163,1921.5092128449123,0.5930742121176382,0.7197777315744044,1830.626820094397,891.8233919507003,0.256535314882553,0.5085110801224594,2413.6628110551146,906.7595105882352,0.23902463420189254,0.5412254926222408,2348.5225431067515,1620.049898773957,0.4846963763331469,0.7496037010400042,1731.9163962741723,919.4038426335699,0.26402247080215885,0.7078461825635949,1873.1634493788238,1097.7084797038206,0.3151716973299304,0.6569043608920481,2017.6791625568776,1197.4697161500167,0.28767474161864226,0.7229257833067655,1821.4692062698605,885.5156673658264,0.2545004072984495,0.4432388616704647,2583.2107722862816,1835.501077907662,0.5130317038971808,-0.05127935427724092,3558.8897939396093,2747.8982901481336,0.6985937824487736,0.7159157050039915,1844.202345167008,937.8503498346306,0.2660534073744933
1,0,1,1,0,1,0,0.4780029504709847,2443.2883396843135,1824.550118021663,0.5237621448436276,0.7359386474350839,1725.9002592813233,832.0992921681864,0.22231550713103196,0.5965766935172476,2137.3639861277693,916.6120514398742,0.24308577249572097,0.5435800064799922,2284.55441038626,1594.3841283575975,0.43139351078418886,0.7632072049203719,1634.475661964668,860.856019471951,0.2343485400826058,0.7232200428185324,1764.9877963343345,798.9478257359561,0.21504870101267534,0.6497092975536384,1991.871295286449,1315.7189866854428,0.3354649716867598,0.7242694602110313,1766.2473680980713,906.4569832071845,0.2425862651386529,0.523336861495933,2323.02428677413,1673.3623628639036,0.4249998522005884,-0.014964282280769564,3414.853903612798,2732.265481150123,0.6996717247382424,0.7049509286686189,1822.8148109606016,852.890957999684,0.2301318262381533
1,0,1,0,1,1,1,0.41669175483878407,2638.021340750114,1916.9100359022314,0.5524904761271143,0.7344083446382301,1770.7420325641904,785.5384128878537,0.23321710689741867,0.534893257485067,2335.678421720504,903.2236540980089,0.2595248660962363,0.48610752138366664,2477.8663760581326,1700.463597498718,0.4987384660522269,0.7526661115923347,1708.3792511073211,832.3868202598854,0.23057438770798785,0.7148026503575836,1832.1592519256417,756.7282698854652,0.21226500166296688,0.6436097598821056,2055.8026635988113,1261.7199345915371,0.30642475740446523,0.7232852934789638,1809.2057597585613,829.788743368864,0.2512194356949596,0.4892026305631414,2463.084160073506,1738.5046250457683,0.45301349338638097,-0.033277277027071166,3512.4302969821174,2739.5339080131607,0.700013109433936,0.7040261857419702,1867.4835405702686,812.1904374911345,0.22706221480728403
1,0,1,1,0,0,0,0.45572933656630304,2559.5366040393124,1919.7237330660996,0.5701433248482851,0.7022815387545082,1887.5293566845828,860.6330087234041,0.23789043053053904,0.45412058268316197,2541.0926043888,923.1995,0.24075405418535603,0.5449203752656874,2343.899095935036,1610.9896921042912,0.4653589985877267,0.7345061662874915,1785.0317172975754,891.7076511458118,0.24220759236195102,0.6866680754799814,1938.4408701237821,1104.2699785364318,0.29950827359617016,0.6819537243863134,1953.9821976862038,1115.9396495632548,0.27015967503887417,0.6997626759489508,1896.0793614798263,864.7769234174266,0.2386850751369093,0.5249342968174553,2387.447562471918,1676.275250138171,0.45150549519518246,-0.05501046041401051,3567.1510650638998,2730.1693695107324,0.6675137170089026,0.6910436617741905,1924.6396667124482,940.6090334466811,0.25240982864704165
1,0,1,0,1,0,1,0.43123613115644205,2611.117760918743,1975.7353562864007,0.5666859401663324,0.7236510791366917,1811.8325933505987,816.069649681874,0.23524000510132909,0.5047025505249298,2406.4333627443007,830.7580781789071,0.23279272603317147,0.5019176309449691,2445.422107843678,1685.98480910559,0.4900816478794379,0.7377751960769782,1765.8695196489032,900.131254409562,0.2426518221156914,0.6945493120326066,1910.348174614511,1066.6601675232462,0.29035492312651234,0.6489524829357853,2041.8928928926682,1190.9710393875648,0.2783630955656458,0.7255706271559452,1805.1813735769547,814.7126264128784,0.23514451988097573,0.5103315506060083,2418.172811239154,1715.3557954463718,0.4451994777019017,-0.029923492807642674,3515.558704000499,2750.4699229575594,0.6906959721782973,0.6925628988385399,1910.9699585408205,932.622967915846,0.2525507142399183
1,0,1,0,1,1,0,0.4295171884289672,2610.422818828409,1863.9110847700713,0.523198121624686,0.7191540029223611,1824.0131917155347,798.3011769499494,0.2236424086424904,0.4933101859675409,2433.1693364933813,928.9303128160623,0.24854128608209136,0.4959208841675077,2456.0702856025305,1700.4979322978281,0.4768737780765106,0.7243277488321476,1807.2312044840635,872.9569211058914,0.2324820992328309,0.6843741334555822,1931.7056962837503,786.9045465388838,0.21261110320629256,0.6111574700341048,2149.767241496273,1337.7109425611272,0.31590273280573544,0.7062000555813905,1866.8867808086213,852.8634533330885,0.2425496087344662,0.5125696631925927,2405.651247020035,1708.072483972777,0.43771186461814493,-0.01527678971624827,3484.973526990263,2777.858062073784,0.7202400416159194,0.671154184019999,1973.618799952208,859.3864056937846,0.23223508352756916
1,0,1,0,0,1,1,0.4440667943450247,2559.2630910094836,1899.02258328423,0.545805535166914,0.7719314179050015,1627.902356228,721.119570529972,0.21136186466284712,0.6292685224793558,2075.4922236152065,832.308574925763,0.2115124216853456,0.5195558373705029,2380.6667555119934,1662.9535587432338,0.4891618347274551,0.7840161386160571,1586.0606327566884,803.1357042729447,0.2205362019344753,0.7541215572639608,1691.1853315259204,700.1078856472109,0.1850072004008881,0.640222509597143,2054.4065301039172,1312.846926947832,0.33323339952168013,0.7658327911707918,1651.941487958218,770.0012793661497,0.22490318976404683,0.48980883983595386,2447.4887916823627,1741.7322327578818,0.48105311937405915,-0.02647725716031912,3478.2829983382817,2744.5408984607393,0.7088501667738926,0.7380429515286318,1746.9845257048476,772.245571978975,0.21294006286391107
1,0,1,0,1,0,0,0.41930144137890635,2634.549011868643,1950.531246384774,0.561733840344111,0.7143816155433386,1839.9518921454408,804.0258817336033,0.22584165464572498,0.4573132973189321,2519.6915732500156,859.2509365957447,0.22492218609002054,0.5014636945749774,2443.637475237672,1698.2678891126957,0.47344355644815134,0.7207421858552547,1821.9515820196493,918.7351240931349,0.24290046949158428,0.6624571502928146,2005.2596148345494,1103.6454293431632,0.29507421360396857,0.6621778452424972,2004.6637030933284,1198.5466057325125,0.2805295847487766,0.7144921110214782,1839.9053312305705,805.2253569173253,0.22622444284476495,0.4679987974445985,2510.496634598107,1737.0154534198418,0.4394897663418482,-0.029925642326625295,3510.3695940485836,2736.27462834167,0.6711237457445143,0.6521085339937044,2032.1106722368422,978.5844486284255,0.2610674803183436
1,0,1,0,0,0,1,0.40261256826982317,2643.2086590916074,2009.0161892379015,0.5865702775018828,0.7363621464557955,1751.975867958183,793.9786155802052,0.2287753505982611,0.5578295356522315,2248.80845368594,761.7392376470589,0.19871672936293025,0.49103286947683167,2441.120188902561,1670.8361932208459,0.48556406599029983,0.7396837010015251,1741.4975861338942,896.9910985763,0.23975592829786496,0.6916806315534626,1895.4809377304048,1071.151664394196,0.28708128883940826,0.6028630425451585,2147.7544937622206,1261.7732453040428,0.2971397957848908,0.7372990769881398,1747.9235215594558,793.4956182375349,0.23075589643952615,0.47515044913189575,2468.3976000284824,1781.7292051251727,0.4645439499266346,-0.0074251909737191625,3433.3652684184317,2699.951674995013,0.7163826637793934,0.7066877287880858,1845.8188716672228,894.7028293929516,0.233524976512333
1,0,1,0,0,1,0,0.4264650096047453,2575.4478330267784,1841.7601056350793,0.5260748482377154,0.7143445451700097,1807.1595253305873,821.19246235461,0.22844662378910877,0.5362920719430528,2303.71423426856,907.7006837895098,0.23672530143496032,0.5027781419897067,2401.529256044691,1666.6411602713713,0.47532203271511864,0.7323836628009305,1753.4555966368641,860.3095471620244,0.22714841854577283,0.6781724438601262,1923.3394404532708,798.3005988583133,0.2091761399007871,0.6366420456307016,2047.034925188616,1262.9817936223276,0.2963611714574053,0.7027366403212031,1846.765368554045,875.2747793724586,0.24713613693350872,0.4485152678617776,2512.3479894076168,1770.7687821736777,0.4497331896925801,-0.015315782320997784,3430.9020569130253,2752.6108941486073,0.7285253604868922,0.6720709887004402,1937.3396932496626,864.2162630984043,0.2339559879016032
1,0,0,1,1,1,1,0.3622535344558402,2688.0636980559693,2026.4508512861844,0.5748549908633893,0.521724862735507,2322.4411124055964,1558.7703534519976,0.41310676175648886,0.19743018785421382,3003.6942079687624,1857.3415510082727,0.47648769005432223,0.34472312809411654,2722.2305332080387,2036.0158937494407,0.5410345098471586,0.5212334060121957,2323.801248167743,1602.9885937821703,0.43246533580130025,0.471771862435354,2437.6194111840055,1577.6887490716906,0.4174482633848233,0.34689852423809525,2714.5378477904214,1988.1408387009394,0.5308485401997742,0.5172770598770087,2333.415198314013,1593.2485351809385,0.4308690536529415,0.11322065196949341,3163.8466898460047,2361.629979589139,0.5882275715204742,-0.03796153868562761,3434.825514955164,2732.1469209584316,0.6843646979715597,0.4395073457597266,2511.167575964754,1709.8247576657807,0.44972710772899616
1,0,1,0,0,0,0,0.41041559881012857,2641.4148326409577,1912.261642774671,0.5603189526258479,0.6747814957121347,1958.442512484917,867.2499926156398,0.24832870472178645,0.3962842390893715,2645.8771638664957,917.5203276595744,0.24533774848796377,0.488036802546185,2465.2100928883897,1688.5182787457743,0.4795651926903042,0.7027078474996538,1875.4468831459883,940.7207657158754,0.25454870838099525,0.6567895134894431,2015.4762099830175,1079.3408931415945,0.29351446636142947,0.6402562428114251,2061.1225527374177,1206.6034948047093,0.28062493727968524,0.6706840429564004,1971.6915022372134,867.6743706889564,0.24957502181118,0.4369911698685291,2569.7366016632423,1793.8046719081246,0.452959695872422,-0.034171592675366076,3501.387515805801,2712.219578225303,0.6725954546620393,0.6373076866588891,2069.1563983526753,1039.221439183012,0.27990753039678246
1,0,0,1,1,0,1,0.3355145774257612,2742.2553235567993,2115.0392582636414,0.6179985009889011,0.5184433378412401,2330.090754971147,1546.7311208084145,0.4243140732008876,0.09736590682877586,3179.4995148071653,1835.7085704977374,0.47971208455968617,0.37789953922473224,2651.869383417869,1970.9909548614676,0.5328771599263247,0.542183053420835,2272.6158672034185,1590.2521678192893,0.4299673285412999,0.4851135088575036,2411.4120414631243,1735.8078005114928,0.47738256063472756,0.3980381585493805,2599.977295069756,1888.732588320582,0.46951003946651665,0.5191306084848482,2328.4994941919335,1546.5481436828102,0.42303690869788385,0.15354139007792145,3085.880005064632,2300.7348815291316,0.5903739764825331,-0.05286707563480664,3456.1287815151804,2689.3285275109265,0.6566383818657486,0.48929361274416905,2398.2743368351307,1673.0172697450141,0.44441199849159413
1,0,0,1,1,1,0,0.3145092218788166,2857.8304673573357,2145.8055150233918,0.6016496857142178,0.4875545300029809,2470.1996608454942,1615.5135191073289,0.42495726735637535,0.1583325087773683,3152.76540660107,1982.3790038843536,0.5071737842656877,0.35358581723143934,2773.9634665313242,2037.8863005190374,0.5313729789473609,0.505639977318952,2426.6453413853833,1627.8874311537088,0.43102411026978193,0.4497451287150395,2556.169103474777,1633.4117183339438,0.4238020860958408,0.3727007936276341,2729.0693791104736,1956.8395333940803,0.5067257686748471,0.4806808537755261,2486.888692306842,1677.2311816394335,0.44990933333865074,0.1500222638710374,3173.128607730106,2356.323234749411,0.5736081308878973,-0.02451604780500573,3498.799770099021,2767.0636699501197,0.7004643140521648,0.4341018691474611,2594.086261273302,1723.8272806396483,0.4429951123746159
1,0,0,1,0,1,1,0.35138557559081657,2692.665454594576,2035.7292990284984,0.5790191369753452,0.5116340382634347,2334.119807094122,1555.349355760224,0.41771832646283913,0.23771738188292765,2908.8845894721767,1852.8342923326577,0.4862194949438829,0.35633862625954715,2681.1825567838678,1989.519254092677,0.5332621356221179,0.5240934972430609,2304.8269601314155,1592.5983826388745,0.43555839717046624,0.47907229481018443,2410.3090484794375,1569.246493828363,0.4186042657674606,0.3487242885724242,2694.6103519398616,1974.496609693922,0.5359568326591848,0.5032476520735333,2354.6413152565456,1602.8235298419045,0.43627565113816485,0.05852515129916582,3236.4224470846443,2367.6373490916308,0.606115398789647,-0.04132807533541108,3419.4935971543728,2707.8025301317552,0.6700797864707054,0.43981996383497424,2497.212707476251,1689.829407602252,0.44862166848464674
1,0,0,1,1,0,0,0.3236358195911799,2839.7826054524508,2172.5284312577846,0.6087935967121,0.511218752004941,2412.8729717668334,1571.6921875525836,0.4121918442974542,0.16330936651091146,3148.6856614162893,1843.861452340425,0.4629324663970747,0.36190154545879466,2754.0392506838634,2010.9133784763947,0.533257536784604,0.5219995138533171,2385.790637469848,1645.2846568310663,0.43346539554082897,0.47541649827389415,2500.070098112779,1788.9813053883706,0.47615760710225324,0.34289814080728986,2784.940615045187,1965.2069352692467,0.473787074812189,0.5115663043332538,2411.8539295746305,1572.014565482067,0.4121519521033393,0.15793676729570139,3157.7909919255385,2338.4724265056198,0.5739958069858092,-0.0647222343026833,3567.448583394562,2722.5517072375283,0.635005852022101,0.46795033509313766,2515.685782524124,1725.8835168346645,0.4426086644298849
1,0,0,1,0,0,1,0.37868972225115255,2651.9948533849633,2062.907776245774,0.5897366372673575,0.5524125548242749,2246.3673999882817,1521.138260519888,0.4093325582089111,0.1392123710845298,3103.4925439568788,1843.005145882353,0.46502584212039594,0.3819934018007611,2644.612066288791,2012.7737421882405,0.5363308472566956,0.574022525463207,2192.656757273579,1577.9696508355366,0.42123956038717125,0.5371115349622092,2286.521182597664,1708.2621590332171,0.4616062667785106,0.35674121978564166,2679.549926108281,1978.3682081759823,0.47285790565324315,0.5521782067429811,2247.329950898863,1525.067471551821,0.40883755454430654,0.1439474098486817,3105.414327435702,2366.661193688915,0.5892481413464636,-0.07358725002748431,3490.1020249488474,2744.1414912313376,0.6485075791559853,0.54092100343739,2274.3909118503107,1622.480414334645,0.421625156767729
1,0,0,1,0,1,0,0.31954116271818717,2830.525394488331,2093.635350393238,0.5871453672022974,0.5075265912128842,2403.787589453602,1549.9050438520771,0.41231282317812534,0.23767939620359665,2982.1198361312163,1842.5500952468055,0.4835674048447913,0.34426670509909324,2776.7651408315664,2046.8469573390012,0.538980496377411,0.5161265169925767,2383.031233776039,1591.6271285599348,0.43165120794701883,0.47066740916161687,2492.248607257431,1575.8193298501053,0.41726998550706107,0.3692921971169064,2721.7937618567603,1952.669685552166,0.5082481534605757,0.49300972180913727,2440.3152747328922,1624.2533924930976,0.44363879329793504,0.13002121684746343,3187.0506176950503,2377.1864854653354,0.5929418758401436,-0.018624507535179757,3468.599079299857,2737.7562863272037,0.7069692601759009,0.4407310184682101,2561.7007386053606,1697.435713240733,0.43929533953568817
1,0,0,0,1,1,1,0.15690013351137502,3076.703297536273,2448.044737758931,0.6658890708840853,0.3051777392880486,2790.9018926164076,1948.7283933967485,0.5270803297492749,-0.14524617982652294,3575.2706789361937,2333.2565884837695,0.6063164616374503,0.19056528167015677,3014.28960733848,2311.473445511032,0.6312351660639568,0.34066740181145716,2718.5574184346206,1926.255926439866,0.5160738970522081,0.24870421083101618,2899.123590276327,1972.8560530273694,0.5244921733876277,0.15451552808715557,3075.67062152786,2323.8043937005623,0.573275896363428,0.28815958132180763,2824.825510463234,2020.986400547064,0.5537971136251201,-0.07117001595973757,3458.715967895095,2642.2383835939218,0.6667304959318504,-0.06897184214337605,3464.8115807153827,2699.4909175852117,0.6466813557400954,0.24510822032478635,2906.977520855663,2023.463483661539,0.537327961947546
1,0,0,1,0,0,0,0.31341008990758157,2832.641971502891,2205.730627440868,0.6156154410178962,0.4952445158017656,2421.686522761925,1597.193074803445,0.41188184965514835,0.07372121167371475,3279.6502905134057,1905.9505872340424,0.4597653793679147,0.3541360231406721,2744.8996218882244,2028.100333192971,0.5249145485376844,0.5033588570576742,2403.382830980484,1670.8551138315327,0.4243736885117665,0.46544864608074954,2495.7407136894826,1789.3853704213004,0.45834986139339245,0.3381442016756974,2771.576446762331,2000.5226076305587,0.47906827517119993,0.49285824636757275,2428.188112542796,1602.2945718753801,0.41522357146031175,0.08814381174851015,3244.011327225193,2385.962629885651,0.5818506185085652,-0.07139131976963788,3539.7275628138163,2727.191486191072,0.6231852114797966,0.4336210557003117,2563.5116846703595,1757.7259407714841,0.43906346581390066
1,0,0,0,1,0,1,0.14170193284615507,3107.0913913455674,2514.8750382432963,0.7087382185055455,0.3291235675918322,2746.413313565948,1937.3490849101263,0.5207374177682871,-0.25831939043515645,3750.5801867764867,2395.420645736164,0.6015984511480676,0.15373413093546673,3086.162836035699,2401.5374353955403,0.6612882842885679,0.32965791634859587,2745.1359139998767,2034.1453282426262,0.5422663182630747,0.2577569271539997,2889.9370962046746,2209.5967441191247,0.5920735278127561,0.06900138278307205,3227.8763528245922,2411.598926820625,0.6027739464412264,0.3301225202098406,2744.1904429671,1934.294401026724,0.5195377981435911,-0.0905055164903129,3494.5134579556934,2722.330532162715,0.7253493692766235,-0.04559171833884984,3431.173484398984,2695.703124973414,0.6691438159497314,0.2528648264566042,2895.4160023541435,2107.603978635359,0.5511952476879362
1,0,0,0,1,1,0,0.12706557933206508,3227.5350752119157,2559.14125506389,0.6960247450177612,0.2705551685687069,2949.1789278487386,2037.7410304607904,0.5352238456859806,-0.14426213342645433,3683.0795671208766,2443.0349328844522,0.6209902057000946,0.1882604246273205,3112.3136725361915,2376.7496226829453,0.6258089138063238,0.31298331789110995,2862.7201840359735,2021.8859950468343,0.525216452009666,0.20986821850724657,3067.4189614339375,2104.399862988171,0.5413901777033543,0.14441356359786664,3190.9027520263694,2389.7587736753694,0.585691180678683,0.2585993887573529,2973.9044511956267,2106.8253541718286,0.5606616155548249,-0.049328238446142286,3528.136287637861,2691.4155171508937,0.6575418915300826,-0.028890804902432617,3505.8990568159434,2767.2494795617677,0.6987985735076784,0.22586557483705658,3034.9456930492656,2116.2409760292344,0.5418322595500883
1,0,0,0,0,1,1,0.15225768212072752,3060.4246672207996,2463.6376097761267,0.6552849084979471,0.29727681074836115,2788.471841541347,1989.489598859384,0.5158866620570991,-0.1299147991988416,3521.7516800225376,2344.1691604795797,0.593838371462603,0.18952847249698507,2992.8522430795374,2354.293063219415,0.6162999386284437,0.3191841623699587,2743.8716079872947,2014.7458447479405,0.5147671147333464,0.22662652560816043,2918.9592577389544,2039.6443147301788,0.5171034231946965,0.12055019036925423,3110.699535695208,2410.282059883583,0.5871518022635431,0.28524019848847215,2812.052374947425,2036.1517318995184,0.537677396676604,-0.1408828284392565,3542.6876648829366,2729.160448027149,0.6733258920331444,-0.08046565644736922,3457.4209262966715,2677.6665839221723,0.6123078588648513,0.2372500029710557,2901.5162788248763,2082.8281271070773,0.5269189665137087
1,0,0,0,1,0,0,0.07502877239734279,3323.7664526629633,2707.239569292763,0.7631913449866751,0.2715921047985485,2950.521980220432,2030.345871646962,0.5236217079571164,-0.3311300014898945,3971.0631168132963,2454.4995221276595,0.6142234032601456,0.14259717312477505,3202.3975737142064,2471.8836414123916,0.6532768606853222,0.26635532278039203,2962.3044744247363,2128.96214272522,0.5483315200680638,0.20385933417393529,3085.201320583076,2283.0128614154946,0.5917263961474051,-0.02331483137346832,3493.2463881879003,2522.668424786147,0.610948817505921,0.27070226809493975,2952.722092823001,2035.348597642148,0.5265615449203672,-0.16828573427549265,3732.0309383297176,2835.518197193471,0.7048961709340189,-0.05500506771024883,3553.2531168944406,2727.3478711646153,0.646010163402379,0.19972505487738806,3091.2667269295257,2205.5394401992085,0.5585011382093699
1,0,0,0,0,0,1,0.1363362507169277,3063.5951712736196,2504.1546566129155,0.7125652402764348,0.3214190318162594,2715.9017674602974,1885.6685745927168,0.5172979147598951,-0.33990691657031286,3809.3355856807584,2337.9114258823533,0.6105980476724026,0.18988459887444217,2967.7810583549035,2315.48259878971,0.6430729706415597,0.333333400607406,2691.4334694322793,1981.7480966813634,0.5369040416720895,0.2761847005050242,2804.700205876924,2122.224896884943,0.5808244416793573,0.03778679029347078,3229.5204692922935,2447.3053063594316,0.6016264154042203,0.32473636504734754,2709.5087946564163,1883.2430746868347,0.5168518409058658,-0.08856815528000414,3428.793211961681,2641.838167502565,0.6782615528427826,-0.03411414270073804,3352.7361809274735,2668.0942495989475,0.6795077399997098,0.24301975311717094,2865.69679379736,2074.7594688697723,0.551453107588653
1,0,0,0,0,1,0,0.13421712458210297,3280.1770383634007,2575.2350654957477,0.6804174267265259,0.2590380980392794,3032.370155608886,2073.7453389240122,0.5212769363766104,-0.12479512717496873,3728.3862479527384,2469.099371482803,0.5969276639256949,0.1746185668992252,3201.6136740206207,2422.7288015048925,0.6204367053364233,0.28049752521537197,2988.4307514334005,2093.5748265325515,0.5224426797799591,0.2073614019740375,3134.76471398485,2121.454054252868,0.5263365655211873,0.11000896501355047,3317.8508652812266,2469.6725211046946,0.5695863953733872,0.25892371654326857,3033.613400093758,2137.8588214180854,0.5470204335131397,-0.14406995954309548,3759.492350694273,2803.3706702174004,0.6573003517058197,-0.01589752870384286,3553.4987875890693,2830.131709959383,0.711327117178843,0.1810564917959484,3186.990481536854,2188.8640738644863,0.5488949858614993
0,0,0,0,1,1,0,0.13456420397882732,3216.5518332116008,2527.6923845082406,0.6652253044166401,0.3275921230531027,2834.3027619915283,1969.5796132733535,0.5112321399652192,-0.09942413470586565,3608.0881470363183,2390.0706678686574,0.5986280649468172,0.27424971682507965,2942.527972307341,2253.515274885469,0.5786932883285395,0.3715137308894254,2739.469966169916,1963.2305255171282,0.5094115868410044,0.2992285119608637,2890.7615030384413,1979.5203754990878,0.5090978682960342,0.22882939976825475,3030.5488077123223,2290.0664691627976,0.557165995209605,0.30891071002367815,2873.749105642489,2061.5057752840203,0.5481232619792074,0.10531736825458882,3261.963901427073,2436.8794520598226,0.5955662052605653,-0.01639095405531289,3486.059537107543,2776.1853057820013,0.717890011167626,0.28005075149954545,2930.364910042261,2048.6401496869807,0.5359165456963715
0,0,0,0,1,1,1,0.1492545525643425,3089.1015159244375,2451.7875998910336,0.6501066788410458,0.31127759027957097,2778.8379120245136,1963.2364210070054,0.5247300659578185,-0.1655268806488673,3603.9144804608786,2382.6139068644857,0.6179499314228284,0.2460706071161253,2905.7519000920297,2255.9915288347574,0.587009647861799,0.3484093237895198,2702.2369370642828,1963.7491433689006,0.5191156748871996,0.2614053000976781,2874.9494618868375,1978.0843068161644,0.5181979664349153,0.1788213859532102,3030.036369302482,2324.392016573429,0.5674552346552051,0.2994244125871066,2803.190187764099,2037.5838606874354,0.5531918090041171,0.08446422584036911,3196.3799046460986,2399.687996553967,0.591582008075808,-0.043086310268611386,3421.499226951032,2707.117442556574,0.6757086568820617,0.25705868350400746,2882.969230560132,2038.4370159866428,0.5454664160370258
0,0,0,0,0,0,0,0.11199451197171592,3275.7221718203923,2596.4747925021193,0.6898269389237253,0.30046894370034916,2907.5105007057455,1996.862164822695,0.513680692706632,-0.2252941955933413,3841.670820307956,2379.7008191489363,0.5808374067173439,0.270989010841734,2968.044668288187,2269.568951396823,0.5731870455910092,0.35912392247586694,2783.502444429549,2005.9829288363935,0.5095287663183143,0.3027962965566904,2902.1346233424792,2122.2091703947644,0.5508937019117888,0.23897756279016602,3030.9145981144834,2272.9158278703235,0.5367877484565885,0.2974605892354561,2914.1358339576914,2003.7122579037487,0.5147571955797929,0.10970267334908647,3276.4256957852344,2444.756033257855,0.5807347058120703,-0.04366156582198792,3552.605886298918,2750.326092928346,0.6676213737189042,0.2976081667800005,2912.218309639621,2059.063356747631,0.5226169208080056
0,1,1,1,0,0,0,0.4489398301439314,2554.2570227887227,1916.7925743076528,0.5308119567725991,0.7002793710835042,1879.4579819318453,987.8798100016886,0.25476266154517363,0.3838610212663747,2674.0336789442968,1104.7254808510638,0.2652815891448149,0.5334091080491993,2350.047389386902,1707.956527683856,0.43317458967040356,0.7113285299422825,1846.2872728014668,1103.3621880209914,0.27940220074745803,0.6941447616581476,1900.3432049273106,1149.377377322821,0.2948473220110851,0.527152799483775,2365.04795790352,1654.3309362494124,0.39435550329085634,0.6960427461139856,1892.833841936127,990.1267702776089,0.25494121844975004,0.48225053809495855,2471.2235439463484,1769.2187152250833,0.43176358588223507,-0.06344453931056919,3552.4170398933934,2731.188787848152,0.6369240518316406,0.6766665978606372,1951.1475918532053,1062.6413319063877,0.26255305687768205
0,1,1,1,0,1,0,0.5017033818735336,2444.4083256886233,1785.6501215838898,0.5219876686075647,0.7037636329524488,1881.058739763669,982.0568125957445,0.25690043058387335,0.44625756731260213,2564.551080240547,1238.9450900019383,0.30550829386381556,0.5500980967251727,2321.8391704823302,1698.4163483056636,0.44993340368845613,0.7227674507267102,1818.6513853712916,1031.813711204682,0.2720274478729825,0.6670718378925364,1991.826944016732,966.6882523874373,0.2485421997710342,0.5540496298959129,2310.41810797029,1632.6743013970015,0.4088282477894104,0.6966892824542392,1904.641448316107,1056.0216470180544,0.285796594033994,0.46360541599710314,2514.9996578895502,1772.5140335962599,0.445779779047408,-0.04426238712650446,3542.7663030123367,2720.5134094453283,0.6748370122493722,0.6775568819387644,1959.4400846248711,957.211012586553,0.2449755228467686
0,1,1,1,1,1,0,0.49221681999962397,2463.122837575193,1800.348859029055,0.5013969335328146,0.6909761335986966,1917.2669825171229,1001.8582844895644,0.25283994079497973,0.44508230519239456,2557.8403059409275,1214.8430920629119,0.2871915980417248,0.5360214437136812,2351.9801328057256,1704.2504422122884,0.43228749634615693,0.7063294396081368,1868.2411300214676,1058.2670247047818,0.2688827133799008,0.6432698359166962,2057.6455375879323,996.5885343603471,0.2468946520250804,0.5239143199304611,2380.2707476563496,1679.8606061614555,0.40721279435709384,0.6827388888294472,1943.4955591118091,1074.9253452460525,0.27698931202561394,0.47296388814811413,2495.6930859616496,1766.1874276977824,0.4299869234465439,-0.04905168480968031,3542.733645202037,2732.5029678443593,0.6559727109286629,0.6631388911799764,1998.5906578069396,995.3845175898126,0.24778801379828064
0,1,1,0,1,0,0,0.41322403955961434,2648.0020032314824,2038.1012792632507,0.5509847159037755,0.715051012010789,1840.1161499229784,903.1569656335021,0.25696205022679924,0.5157789027163873,2381.3397912194196,935.2836340425533,0.24851135989984857,0.48586940319791644,2477.5890296987827,1802.2805249218684,0.46958997944341896,0.7237500842754955,1815.2286988449018,1083.3192748485003,0.2869859463101591,0.6906111896560553,1920.37104334374,1115.293075564843,0.30233129503764605,0.4469506182828061,2566.620994092478,1829.754458870988,0.4288904122919708,0.7160214205519877,1837.030837779242,901.6196907033435,0.25671957355403185,0.4756025096450815,2498.246952273132,1816.072537724231,0.4550077816853512,-0.01588343675365226,3485.246366913025,2745.3118257324973,0.6946052159164537,0.714460019148334,1842.6512430832186,945.2700892009328,0.25099559505961283
0,1,1,0,1,1,0,0.4505499532472754,2563.2269030710045,1898.6016297607355,0.5193266839674172,0.7129338649096026,1846.3302625994631,911.3819808738939,0.26034531415436285,0.5222967879059377,2370.951316580167,988.1970782592897,0.26652503584953197,0.48091280789450125,2489.8780323538476,1815.8101777906395,0.4744888225044425,0.7244343492974025,1810.53141657855,1040.5602422912932,0.2837795456626002,0.6514813006653307,2026.6644623711566,885.4488917553477,0.24644924992676703,0.4358169620199605,2591.7160185759276,1855.3449193000458,0.4471268135231589,0.7065156160988885,1867.5550703306328,937.3173851171475,0.2686300863863452,0.4714659299516471,2508.7542887264185,1822.3434706707783,0.45816555004683346,-0.030243060443535433,3511.8958012997987,2751.322462316415,0.6851549083175164,0.6891536216487979,1917.1993002664356,899.2753771764877,0.2470413943670582
0,1,0,1,1,0,0,0.3355341556752153,2815.6065332967646,2086.0659382097047,0.569640756933357,0.49207312943349807,2459.808856872795,1620.1594005845318,0.4217050316963514,0.06746085858111099,3323.2139014569166,2003.887849361702,0.4969911513634041,0.3784364493524918,2717.689292396027,2013.4227243590244,0.5038743424078864,0.5116836142027561,2411.28661338916,1665.6330312806663,0.42947670967430845,0.47709931935674726,2496.079905664391,1779.1872076683444,0.4588957500241254,0.4142280524152006,2636.347370360864,1899.232845225436,0.46558189543226774,0.49105059862015826,2462.0389373086514,1623.4923420271527,0.42290480763430627,0.21704591626929973,3043.8613572992786,2241.7083279870812,0.53290208763609,-0.06224338185248599,3563.76095446294,2724.014330182064,0.6370903221847731,0.451097934722578,2555.23407054271,1744.4820348488015,0.4429075825339925
0,1,0,1,1,1,0,0.32474315584515695,2838.2101257935165,2054.6348304546664,0.5562370443688313,0.49003909282618424,2464.7647423594585,1628.0736090042553,0.4254063945496316,0.14464196571498783,3178.855911423767,2008.2769045489074,0.5074303665979261,0.38686120690941295,2702.397763601411,1998.9851742463673,0.5009248026944821,0.5023322835094696,2435.681559719489,1644.8654200089015,0.4303073886840833,0.4256551657874518,2612.9721962231865,1676.0332066177102,0.4299040443864191,0.37228781380212106,2732.6912935589794,1995.0005265591253,0.500567363339498,0.4806040561817559,2487.5617379412342,1677.4493480608382,0.44408370008327624,0.21708124448343838,3045.772949619288,2252.215035306288,0.537728400115752,-0.04477272614432349,3535.2978373437923,2736.7749552590267,0.6620754073204317,0.4305991421886855,2603.816977260821,1737.2460752984748,0.4472824792315663
1,0,1,1,1,1,1,0.48885127475552353,2464.4683411301344,1813.1913505221125,0.5262527177651939,0.7204711172118817,1812.3662829415046,889.8347704655562,0.2334852124253732,0.5573331603369371,2273.5416774877945,972.4775885899005,0.26017649043651203,0.5338254641377655,2354.5100776698737,1600.6338304341882,0.44998253828027396,0.7399529252040612,1750.3183558089422,915.2542762045283,0.2479987082499352,0.67913148062349,1939.9474423643771,879.0336235530591,0.23074467196211038,0.6054268628096586,2157.3453657419495,1398.7651688642673,0.36614971998696055,0.7134847368405213,1836.6640785938519,938.7963604947162,0.25595838611372046,0.501641813954374,2422.7250339307834,1757.5443987611989,0.4591385286166622,-0.05139312627621269,3539.9953025230166,2714.009690346722,0.6681135183726816,0.7221859780915468,1806.8712881793672,847.141342840256,0.23136441732449486
0,0,1,0,1,1,0,0.4278891612112377,2617.5268737231927,1954.0097419932792,0.5400475958065993,0.7273752270135426,1800.8404882987716,868.2571075021953,0.24828072778603885,0.5497235327320579,2299.0941938393544,950.2737258366213,0.24935386856699726,0.49945413789631293,2447.6444613593194,1769.8087432115665,0.4651666872986073,0.7420581198006517,1753.43013394117,986.8947764715217,0.26817323642504054,0.6928598973185643,1905.0790046413722,824.7889844954873,0.2277341572828359,0.47323035489991194,2509.8189015339685,1776.5406821707907,0.4265679088690532,0.7175972306144983,1834.3136478521728,895.3473639103472,0.2548900582448915,0.4987123693398607,2445.927097235268,1755.6758942710546,0.4407875286390936,-0.015376175316050728,3486.8509378149324,2783.4860415138014,0.7227746461972606,0.7206574286260985,1819.9580309561265,843.3178500561004,0.23326813108003158
0,0,1,0,1,1,1,0.46812076260120006,2472.621936689217,1853.625093968028,0.5251635382705845,0.7530330975454261,1677.6135621025003,828.1166305582542,0.25296206970766205,0.5697355574551949,2202.990220532664,893.1010938080891,0.2569972128826044,0.5035343180802366,2388.076507252944,1757.9701340583188,0.47890729650920655,0.7612571593900261,1650.965832809778,957.0120992912209,0.27609590923588523,0.6972990327943165,1849.0940182908648,783.8855212390976,0.22988864043265844,0.461245035250766,2485.5148106331235,1786.642314399394,0.4464205971082095,0.746852757408976,1699.132455458083,853.6543439281626,0.26161232355196085,0.5073742242000258,2375.734378120369,1744.8277174453253,0.45629420219629324,-0.0330146308314847,3447.5396658027294,2732.2416992022295,0.7020127190672466,0.737071602928376,1729.6948043088257,797.9634082749617,0.23962023022165227
1,1,0,1,0,1,0,0.3404092785457184,2866.651043920986,2069.16451175122,0.5686019319153337,0.479827642909426,2542.276458010214,1615.3532285896656,0.41168512336444507,0.23668158463886652,3072.486254412788,1867.3053240408253,0.47323338975084156,0.32321130082883526,2899.9880882056805,2087.0159538694024,0.5413248660962107,0.4819180366690257,2538.323975875638,1658.3362502690163,0.4289551820389462,0.43706808969329586,2642.088664895211,1648.3045495785066,0.4150578600550162,0.33220844444163783,2880.499316661296,2049.43635767934,0.5425812064254029,0.4808726905417433,2540.9294086798523,1663.055033633599,0.4322272313320653,-0.06114366608080696,3611.0264558542112,2580.227903354691,0.6349569206001199,-0.05119117414619098,3621.6545624080773,2752.686289779692,0.6554151674816353,0.40267154779475994,2722.9649048456695,1758.0604239403258,0.43649018352589936
1,1,0,1,1,0,0,0.3270979404559178,2832.7310841036674,2120.41433444283,0.5909387620114496,0.4754087783013703,2498.6781155833073,1642.0064573106383,0.42880018007493026,0.07668819243140015,3306.965275293781,1964.863235319149,0.49307574997865594,0.3368974331019875,2807.991550943506,2052.074646949385,0.5389559368015286,0.4920667724852118,2458.2868197784546,1702.6610932033998,0.4411332309138982,0.4407058644772992,2579.0535833372314,1835.1859722507104,0.4873263689207103,0.28417190681917776,2902.222058633465,2072.881310591589,0.49731111208140205,0.47528009577706515,2499.3986671327416,1640.0118859815602,0.4282340761626164,-0.04941367883905785,3516.469541849641,2558.1978828725955,0.6083079952489926,-0.06301425189430716,3563.576306218501,2723.597668242453,0.636545323512002,0.43584981004280593,2590.811695192405,1775.5908620657415,0.4469050333693773
1,1,0,1,1,1,0,0.33031747016650825,2826.5540383586313,2072.917080346509,0.5720214535069009,0.49360274130341053,2457.155311376957,1604.2241468413374,0.414770927224176,0.21938898262972592,3038.773892666359,1877.3338860860165,0.46972683877189636,0.3535565258121085,2776.11293746325,2005.2438492098422,0.5243521912552154,0.4999353255645323,2442.547112275435,1628.1769364980837,0.4244859361073384,0.44575568588516157,2568.825895197323,1633.8345208944602,0.41402059923756324,0.35218859462542296,2775.457846531956,1992.6680090523523,0.5107720876921945,0.4873337272949517,2472.5169949987653,1646.138641772244,0.4312392672122493,0.055624589361665276,3349.978509846407,2468.6448818489603,0.6086906352869346,-0.05898295417515849,3559.9700855304955,2729.139678397555,0.644579690878779,0.4249247541763194,2618.961173583463,1720.2128182234355,0.43836528525120305
1,1,1,0,0,1,0,0.4286411712143331,2647.8430048669225,1868.0656561874973,0.5241723822126226,0.7093755715209765,1884.2195000579732,855.1657409665654,0.2540135376370819,0.5650607373397041,2292.2471530921052,935.8092140054233,0.2559052803807596,0.5014037248274331,2475.531292522689,1694.5189818365252,0.47603307555551183,0.7234922185059331,1835.6757454295441,896.6583822383196,0.2457148729646178,0.6845381187392086,1957.718063454389,826.6262674154007,0.2338849239248536,0.5916718125706764,2235.750260890565,1407.1842468975624,0.32640290344237494,0.6992781588105805,1917.3347979840823,886.81585618525,0.26375840208320545,0.43226626152985126,2633.5879573957577,1841.537121120069,0.47440836528258673,-0.024083518680182305,3543.90557121799,2789.8521196219212,0.707757798180266,0.6823530253206488,1966.4527620522488,883.2628405381224,0.2489265300059901
1,1,1,0,1,0,0,0.41658700632952905,2638.968313549398,1960.1592453568685,0.5586334802799958,0.6869399042189225,1924.1925294393452,880.8160636219519,0.2440633887218826,0.4267805768043143,2586.6095370161593,919.5477927659574,0.25272963858650277,0.48879411440868614,2473.042921611566,1716.8371285221033,0.4773951531572813,0.712986804386727,1844.5770673313477,963.6748200829882,0.24904457387027595,0.660654055060435,2008.1119613913088,1108.0750544315765,0.2855796447105509,0.6362065983247728,2080.0162383633683,1280.2191698359563,0.299423038407649,0.6864720813242026,1925.877769886418,881.85877759615,0.2452401762888246,0.4592503043619125,2530.887838125813,1790.4654167938538,0.45200910668679645,-0.02601983253944669,3501.126755219914,2738.8430611613703,0.6788230832855966,0.6480897867313334,2042.2845574147377,1041.2179517885372,0.26274773972669857
1,1,1,0,1,1,0,0.42635339900627345,2616.970692136769,1877.5913267893266,0.5207191448425993,0.7099362529364699,1850.2891410086331,828.6908798774738,0.2297813493355571,0.5090904102455369,2387.3223576499845,948.7284063724999,0.24850268628193306,0.4997268448064654,2446.6354754118556,1693.4321125760562,0.4719522391187618,0.724580675614753,1803.208517389448,881.0063976420082,0.22903728413175567,0.6832280929290416,1928.6417013335658,810.616223622893,0.2163545094775249,0.6009724708285105,2175.9739477072285,1330.739590926227,0.30322463798616356,0.6962250687519039,1895.4563619834973,878.0012727964233,0.24446779712699443,0.45527109757995143,2542.0241338786345,1774.124652945159,0.4500374491183761,-0.02421000501271383,3500.8606874465318,2765.5569315504954,0.7007908000906484,0.6745329109628306,1958.9366800216676,861.5564755943785,0.22508687282160605
1,1,1,1,0,1,0,0.499430392844801,2462.5969061372302,1817.6941349044455,0.4990871053197827,0.7251271567225749,1821.1860155576196,910.6287837223911,0.22086024963484,0.5559792494475929,2302.6191717978622,1013.5956339209155,0.23642470443511715,0.5521208603806602,2325.477212355521,1599.5678826309795,0.4133390516788009,0.7470827016735595,1744.5187342183915,917.4337745063428,0.23023293807807912,0.6652531247849022,1986.7676033458129,910.704105129179,0.22089960707081854,0.5986338872277865,2197.1891137000816,1403.5257642458944,0.3353358162429851,0.7110145550035337,1868.8803170348265,963.8997470171737,0.24264920985374033,0.5066563339355208,2437.29659258226,1753.1323364822385,0.43210563936024476,-0.07833958506356625,3615.386628240036,2754.0631548143033,0.6255928627575459,0.7198387640718654,1834.2115688834688,860.1549729424659,0.21483830703394857
0,0,0,1,1,1,0,0.31646907143396874,2858.1540539772104,2117.0226171491922,0.5813629843529504,0.5012585485635133,2439.625088889188,1612.2313591286727,0.42306002074293203,0.16796111711273684,3142.655250804205,2009.4625161113113,0.50490169949387,0.4077007383133672,2656.892289997047,1971.4137356398608,0.4973755145318133,0.5220252071288983,2387.241796407264,1615.9566936821209,0.4273940956948225,0.4572151310058913,2542.387222480842,1638.8194307000917,0.42336155281686144,0.4044716937801867,2662.385669172045,1940.507297066326,0.49244117371040913,0.4887166111594922,2470.2801479144487,1680.2645548428297,0.4488149100864767,0.24550803084210387,2988.4581609814595,2200.1873599753676,0.5296278983134964,-0.019154207798617654,3493.151804166207,2776.5331658059267,0.7103578798783613,0.4525523018845277,2553.647716925192,1714.0057409200465,0.4484113549037646
0,0,0,1,1,1,1,0.3593650057198518,2677.4834417478555,1988.4452449446046,0.5565299540673537,0.5456840176978914,2253.8769621497504,1525.774290246814,0.41132716090348287,0.22433326794513164,2938.0877504987297,1875.0949137427672,0.488660689898149,0.4177269354366906,2548.3270853969034,1921.3977013034264,0.4962874429148667,0.5567931312300939,2225.3991988967587,1546.9294668550976,0.4225592966790385,0.49430066906611553,2373.7219063852353,1545.1988772247062,0.413425005002956,0.41369239784172335,2557.024484828811,1892.3811635826232,0.49735908104083537,0.5383984571538325,2271.8987205921603,1573.3644488933185,0.43094624273609816,0.2915051162565911,2806.37229629096,2093.789354036075,0.5120229258282424,-0.04404700113144889,3422.4414470430265,2706.970790891023,0.6716433649295717,0.48979456085594414,2386.307967865844,1624.4874641480974,0.43868652216847637
0,0,1,1,0,1,0,0.463785241902473,2528.9664596067196,1841.4426904725158,0.5326927629231366,0.6842332425751878,1937.6400726412578,969.3394786301923,0.25446257711020404,0.47320406653591673,2496.492139274811,1183.9579736621176,0.30029405362732214,0.5292258788668515,2363.303071678977,1692.215150140105,0.4486319900505491,0.7077105496477576,1865.1556253128113,1026.8511681479813,0.2778928866783302,0.6495612814541623,2035.6381025411738,969.3889605590307,0.261538364215249,0.5413515962262033,2332.1424003160423,1631.093115550755,0.4104688729134707,0.6740401186746563,1970.1614026105203,1055.4086688199757,0.28987335212602877,0.44282199886812756,2546.2525426125817,1754.914706459584,0.44058819846805697,-0.02500925104109197,3500.0850324519297,2780.9633825409314,0.7236286941075007,0.6656963586261382,1996.0949201296671,984.7621908768025,0.2609517066385689
0,0,0,1,0,1,0,0.2943144617037732,2892.1851941884756,2124.6246477765026,0.5837679069903501,0.45903457086794297,2530.3327960176434,1637.9922610800404,0.4297901475818442,0.16401070963583161,3136.077014200123,1984.8392899725054,0.5058306637621005,0.39985433925138175,2665.299950208052,1962.400247654012,0.4918594914861234,0.49244889908298745,2452.2098379244817,1622.6074864598386,0.4248182087146413,0.4148182048246858,2630.5397916091674,1668.9283144329477,0.4333447151588291,0.3823168912501156,2696.2419169185714,1932.2534302729705,0.48202721494562134,0.4532206470229724,2544.5911796784158,1695.0683196612454,0.4517785030855279,0.2327740797016004,3001.562522457652,2190.7882899151064,0.5167812274739545,-0.024573783286496554,3490.0915277520944,2761.853072093554,0.7132708115686238,0.41957163062463193,2621.488470356003,1729.8458426747422,0.44891212370362943
0,0,0,1,0,1,1,0.336094954297556,2744.939591970696,2019.0408619208092,0.5811028262426874,0.516727286416818,2339.9924500277343,1556.1241975462183,0.4334593976173284,0.20091430933988902,3004.5589426232373,1884.4647685894263,0.5069922467716919,0.3926604021851697,2618.4879934484125,1939.7062555907978,0.5199616589161358,0.5252526438663035,2318.4464832296526,1567.2293483510866,0.44013089673771555,0.4544821135113081,2484.1635862065364,1567.7834615944082,0.43840581325894973,0.39063011414291493,2624.139290857335,1910.8463666763816,0.5048165041456838,0.5075130846718257,2361.8474063345657,1606.9675848827176,0.4549247577876616,0.2760966025187226,2854.4017365395594,2127.035045847329,0.532743068918281,-0.023371948147891834,3409.9670569182194,2717.4872377948113,0.7084465905188505,0.4572469172254195,2478.549349959842,1642.7412542394297,0.4584782046424115
0,0,0,0,0,1,0,0.13412462312324758,3234.45104993837,2532.6620470796006,0.6806201767093516,0.3202867972674514,2866.6281736207993,1991.5927318419451,0.5329889177516941,-0.10914509307369012,3642.876903002545,2425.372425470412,0.6244000011755282,0.27416251019833904,2958.240830022816,2279.721920695622,0.5923545847689529,0.3732926125619651,2752.020082622891,1973.6668363420406,0.5212786393055843,0.3226987800169256,2858.748876504436,1962.849171449025,0.5172560368051714,0.22998222347213237,3042.578231716988,2296.2958602979907,0.5618446080392941,0.2997881165551709,2909.4236797979315,2082.653489023412,0.5680630803055713,0.11753169294114456,3254.7372125173547,2429.2338756961817,0.5991574963924664,-0.01805749276236676,3508.179897366009,2803.0851831696145,0.7430833989302416,0.290447044759114,2928.317135913067,2049.3012102497505,0.5434474267651211
0,0,0,0,0,1,1,0.14131635959652722,3149.014242412067,2508.983721065692,0.6766431769008484,0.3284253647125249,2780.778846451092,1965.5165443540618,0.5295457176592826,-0.21363727024463192,3721.9411053164436,2435.4648248706176,0.6365438131117832,0.28400309912950894,2872.2938566395924,2244.332152335137,0.5831674311531863,0.36856963781209595,2696.1037449378478,1966.671238770775,0.5279638338693418,0.27875729166848023,2879.6758291147485,1969.572238354446,0.5315997636247731,0.20869491294090733,3015.8123329455393,2341.5498861415413,0.5687651526877836,0.29794520632415933,2844.508004066007,2063.4034376102413,0.5718074602005249,0.1205774079164662,3178.263979450193,2386.7229645071116,0.5898880471207129,-0.035210534329857296,3458.4259733916588,2767.1218964256036,0.7044419377369822,0.26809652836569503,2902.6511902018015,2045.7627721105237,0.5518721271332158
0,0,1,1,0,1,1,0.49199900793852414,2423.137270355683,1812.5325155759272,0.511825430288328,0.7152060340779984,1809.9217971006792,968.5271303439777,0.24803392699450227,0.529473830021703,2319.7675423248947,1126.7620441785903,0.2780455244068781,0.5572149063883707,2261.1349676976583,1651.451194119231,0.4299390233575741,0.7416317324883817,1724.136343357545,1000.2764515291274,0.25963444288680354,0.7109913829273502,1821.2131450720499,922.7692205414897,0.2337209619812999,0.5629584510279318,2244.745591569191,1593.2750597053266,0.3954229172619003,0.7024627351347698,1851.132209789149,1046.139319909041,0.2748747822026522,0.4572497685390491,2482.9591508454787,1706.0540094647306,0.4253872575797949,-0.0501907399687969,3487.0587584816753,2707.613899950264,0.6575919665497016,0.7053087041679489,1837.4600324408757,940.3301295082721,0.24360303040128947
0,0,1,1,1,1,0,0.4722498858039507,2510.029438180405,1841.1393076109007,0.5150596517712246,0.6909544557403123,1914.6912042761721,976.0903664235054,0.2443104252836725,0.4734652285362667,2491.6757506963972,1190.59002685385,0.2856502000724309,0.5445110633779885,2330.7011603411534,1681.3419418188705,0.43033331258199486,0.7104005934319245,1855.081617266607,1039.1738871755754,0.2637479521568144,0.6644218178930197,1994.1335932062148,951.7914907142066,0.23836932655515683,0.544834976610321,2328.0996490182865,1635.6024657849039,0.4025088895816985,0.6782022563296443,1955.2330282397184,1066.8116137691495,0.2761264068012853,0.475991744584228,2480.0305947387187,1734.5463126452998,0.4244904693621843,-0.0200591455467874,3492.607391746195,2769.3736877588403,0.7039501568852748,0.671707460827429,1974.1355054387616,979.3621358874707,0.2437259375824394
0,0,1,0,0,1,0,0.43459870801434797,2549.392012320367,1922.5551835459485,0.5421901462892409,0.7442734078812598,1708.0395646316188,839.4930994569403,0.24508053587831566,0.5733526155149381,2197.3162516728416,901.0897349578072,0.25105994231409046,0.5073949306399796,2377.2796069269166,1742.9771768987114,0.4758271310501516,0.7579986813345913,1664.360796474626,965.4014048171738,0.2682991947787712,0.7103066240616553,1818.2021038874498,800.1665402014239,0.2227740946679577,0.47590483152344915,2450.018861281301,1777.4390838297013,0.44412304908712513,0.7286058123996785,1760.4273946903988,878.517811523433,0.2554188969785525,0.5046012802828159,2379.943619472713,1734.0213289284684,0.45508743722906914,-0.01798400044189807,3418.168132033547,2775.840501257657,0.7564534897976469,0.727441137995196,1766.565337194742,832.5974573299325,0.23134995986044943
0,0,1,0,0,1,1,0.4341360722611644,2592.317077053435,1946.1607638402588,0.5527522299503892,0.6882812891522389,1917.0452714997884,928.0451464694679,0.279741487620709,0.46927009477722126,2483.5515879476707,1036.7763838027029,0.30002890260645043,0.48694082778685527,2468.8729846850465,1797.3690486626035,0.48731231634189487,0.7017130245462738,1874.7181017257087,1051.861529599648,0.30575124099267414,0.6236133061927805,2096.153920693152,910.1709790827522,0.27576253662267564,0.4527322598151725,2545.960886676645,1813.2876809208828,0.45159971673339927,0.6820167582431913,1936.2008770591772,954.8756174714604,0.28569413887019673,0.505987748567299,2420.788970133259,1743.0298481518291,0.4563071475120274,-0.024313484585644817,3491.8136719051904,2757.2998663482845,0.7106061496191971,0.6610569406544587,1993.1380842748886,910.0727879021141,0.274622450755315
0,1,0,0,1,0,0,0.14057338300755332,3205.7210711030975,2528.0573446775024,0.6626114168788293,0.31475159658264174,2861.967727624092,2003.1415429263088,0.5211008355551605,-0.26574105633022393,3874.5566936401005,2434.286839574468,0.5925451452591717,0.24190523839374017,3008.0970455740735,2305.467114752594,0.5854993640982389,0.35346265603775523,2778.999524972801,2028.0653385347925,0.5241281421695192,0.30810840154999486,2874.596065646744,2107.4629797589496,0.5525285032591606,0.19782085399731972,3089.2553760163464,2341.836725061679,0.5711213942926645,0.315031024091056,2861.5085048195338,2002.133040000338,0.5215417517671536,0.043913834478092426,3371.5863246970284,2521.6565441636617,0.6102120791269585,-0.028279335257900256,3507.087090608489,2741.5379941655224,0.6796737009271925,0.28715384906139113,2917.2009826508706,2087.4336228760285,0.5356463444395649
0,1,0,0,1,1,0,0.14815289548224284,3194.4156831014993,2480.97420114581,0.6443167493149303,0.29861957401940986,2898.2648408556834,2022.8316861078015,0.5242892704401476,-0.19417319249799647,3767.082677929888,2484.7168592807566,0.6244691491007329,0.23917163214496454,3016.0685828949267,2308.7143567965118,0.586030267037287,0.3325208973503926,2826.316287430378,2026.9825019689201,0.522481800717811,0.24070470060633664,3012.5940624527775,2055.332557721727,0.5239642818873835,0.16647099872744356,3152.805499865621,2398.537741395296,0.5850478389829311,0.2906535691733624,2914.5513226158846,2088.50516492762,0.551501766511941,0.041700256249066064,3378.796173920661,2520.0227153662718,0.6121605923201247,-0.03168767428950278,3515.7408891293867,2740.2803667222593,0.676177007058913,0.2293329546257737,3034.718526205855,2121.817419675345,0.546337507508157
0,1,1,0,0,0,0,0.4196744299269465,2612.2372585512253,2021.7348726795037,0.550182432787388,0.7150117132308662,1819.24161128494,893.5975704822694,0.25413262557254357,0.5561673764349535,2266.2517823330827,922.9961595744682,0.2583484088169067,0.49127219373101,2442.321215751936,1796.0589698318033,0.47322099852887023,0.7329212562087397,1765.955861118494,1071.8123092369042,0.28854350004224594,0.6948359127544563,1889.9302311952642,1109.2714905310033,0.30231809276392146,0.4677068262676425,2495.529299107517,1791.9882728395064,0.42112346980020704,0.7193852698755877,1806.208731198961,885.1844317244175,0.25228643616831126,0.4752388657852732,2477.6968812242853,1817.1433071220888,0.4647675218492523,-0.016079704658110303,3456.900075825148,2745.9623086385195,0.7001671005646454,0.715794360886363,1817.529349630994,940.011183216371,0.25595731889229256
0,1,1,0,0,1,0,0.46314303184807676,2497.989272295365,1872.0339303553444,0.5261131264584534,0.7227817583853177,1790.9090775928325,888.7856888186424,0.2580111757580475,0.5476269822235083,2277.376366198829,966.0403955415213,0.2683636548611701,0.5025930311993604,2403.982527317148,1768.4578154026212,0.47215101838112156,0.7304647250559921,1764.575324997448,1022.418962439362,0.28495400342644506,0.6547341581031489,1985.184069441721,873.0328814751842,0.24558035123801847,0.46647429102323473,2487.7424158963117,1800.331848744707,0.4373773658585279,0.709767781015655,1832.6526314736448,922.9488492319097,0.26888998746858817,0.4915861865996263,2427.887983540793,1769.3497549455858,0.4490552888115918,-0.02357030402258022,3449.6426160151727,2717.958242797265,0.6961181793693298,0.6885504393777313,1894.9118447429428,894.571131715945,0.25599373849783685
1,1,0,0,0,0,0,0.13673042976662952,3211.865428654182,2524.3842566709122,0.6705532665928372,0.24564826855352265,3004.99428128501,2097.8282995167174,0.5432210009664891,-0.4030152796486747,4084.343409585037,2622.796963829787,0.6450027421467388,0.16198709780433915,3164.9349412475945,2416.4426358233436,0.643998102916171,0.2662087339938855,2960.754588649143,2133.0697078240696,0.5529204110677705,0.19935116725398483,3092.682881542771,2284.0353766701064,0.5943351101877671,0.02080280519294841,3412.0627879527296,2507.878642870334,0.5935186503711217,0.2465308291344965,3002.9457921258877,2097.6487153566363,0.5440849314167864,-0.2503503059741279,3844.0066984634673,2953.55421250802,0.7382604357471477,-0.03662764501226214,3519.4590080450935,2711.0503165823466,0.6570112839606379,0.1854638509950711,3117.596521172888,2229.3605593717534,0.56877957777633
1,1,0,0,0,1,0,0.14832964682946806,3166.628165549029,2461.7277532329904,0.6593437106140427,0.2611998283256511,2948.5487532584525,2011.6081928328267,0.518860954602469,-0.1872702851260074,3729.4685381422414,2484.929368995137,0.6124617480233112,0.173181005574884,3119.554132579161,2368.8377772635904,0.6351685804220799,0.28904270690779715,2893.2167103329625,2034.0151844296258,0.5282034964360449,0.2018694720396942,3063.459560598675,2088.7112061476555,0.5263665127058303,0.08510274692386613,3277.517192509376,2460.2838088007725,0.6082854778773794,0.24681505058770642,2978.5481866291298,2109.242481873312,0.5516209220697661,-0.24006267635097425,3813.2708712303634,2836.242370877569,0.6985265139130203,-0.055876333781911924,3527.076541251919,2689.4670711517747,0.6392126935124466,0.173080186688533,3117.3503744003865,2141.8523550879945,0.5384583725307208
1,1,0,0,1,0,0,0.14478278367960928,3198.536024666297,2544.9330692533304,0.7006062498792011,0.2800792696757713,2934.9770910004486,2035.1163052911177,0.5290554947665757,-0.3354777454999367,3982.774323823436,2517.649399148936,0.6119552180391638,0.19303071778718756,3107.241230335343,2345.416358443043,0.624496161611556,0.31638756872376556,2860.135091435023,2034.2439109922466,0.523651440133211,0.28029490732503176,2934.6641250908815,2133.509456587448,0.5552175966496657,0.07095735214051131,3329.2641692471752,2442.2986635747657,0.5784599221360105,0.27845421576846713,2938.270610211268,2040.7359662079703,0.5301573322238132,-0.20088258419909355,3779.013229921739,2845.545518441413,0.6901970687048831,-0.04118016131463868,3529.4581098321178,2732.9282506682025,0.6616460236853008,0.23133662219956896,3030.49096629583,2137.0854824460293,0.5405621672646732
1,1,0,0,1,1,0,0.13488312634745944,3214.931059021496,2520.79114496153,0.672958206842118,0.27629470147413226,2936.5054245448737,2065.2898830310396,0.5291802434542463,-0.21178758314413318,3783.983804845532,2515.5452793697004,0.6255376204543933,0.15425297473812558,3179.165794914173,2423.418253315711,0.6451568869389485,0.28735834756449635,2914.7615597374447,2079.0221583378784,0.5338341494591552,0.192820763024966,3096.0607432078746,2144.821898083054,0.5474852275094141,0.08049480810497421,3308.3169253679416,2497.042318348411,0.6033536245192805,0.2629952610431786,2963.8607067720086,2145.85914170782,0.5600846563141109,-0.18804841601220634,3751.3908960163617,2858.45786188069,0.7151599791787183,-0.05733355492797073,3555.0174941458363,2729.2213987090877,0.648621839420629,0.17394859145940358,3133.5095040357673,2190.8877926978057,0.5534374656608051
1,1,1,1,1,0,0,0.4593329284400422,2538.9415245619784,1915.7079478714495,0.5390222510965704,0.7062979670514861,1867.9826271963882,895.2187420938196,0.2221758743890957,0.5017218950567228,2424.1922864325034,897.8938421276596,0.2124815464154125,0.5424070047770523,2337.3087549311986,1592.692338286405,0.4299540870081396,0.742489834651969,1750.591758298327,912.024438349128,0.22378520837767593,0.6959095890183461,1903.0978221572584,1101.924680891725,0.2757934886145173,0.6407133697268134,2061.242296127735,1218.0385241269576,0.26219675160427586,0.7074783568690058,1864.198411424653,894.0942810666668,0.22195139355791368,0.4802202469931464,2476.6053769024047,1742.1405474356736,0.4376272395754829,-0.06296200350451821,3564.502800201788,2723.2681105401334,0.6359717069706238,0.704637411351958,1870.7922274541081,929.8080023226231,0.22819502729751992
0,0,1,1,1,1,1,0.5081994876066297,2381.453181812852,1804.6507153119394,0.5174565161776635,0.7287210780065867,1762.47391255938,945.4193784103664,0.24643590850108943,0.5132551849275057,2349.101188403193,1100.3602141863948,0.27653129081399774,0.5646675392227047,2238.59387945788,1660.5701228119328,0.4396189591996712,0.7462459397078728,1704.2400549205072,998.9526017619844,0.2646261817843246,0.6885096362037202,1883.6115358929885,924.1351371736856,0.24068473569763946,0.5636162389821561,2237.90452286264,1612.4999833643267,0.4081470414431925,0.7180927984413118,1799.135911480998,1027.8192957755405,0.2749215901585634,0.4957319142044588,2394.5063480290637,1708.5769632032418,0.4337309637816598,-0.04511433484086283,3475.3467555341385,2717.6150788014156,0.6750994860940337,0.7063847886546191,1831.0179730629823,927.329367257251,0.24175458355700755
0,1,0,1,0,0,0,0.3355444301672935,2823.4651901896827,2099.087692129644,0.5969070263183673,0.5032282528691026,2435.6789344194053,1616.2739462158052,0.43956694613218844,0.08396440682145051,3291.1288841735595,1999.576565957447,0.5053543622332735,0.40661349724053003,2666.3465543037496,1986.8249644543123,0.5230181898343681,0.5261697568106042,2380.6418552722007,1658.2819270450511,0.4484897318448985,0.49002908108390025,2471.2363195395396,1777.1676896741153,0.4820026987206496,0.4415203251838167,2585.0425700735477,1862.287760882742,0.47189012258593366,0.5026619329264093,2437.3554363129397,1614.8970512056737,0.4385413665349583,0.24078316622274015,3011.595266243969,2233.084206881576,0.5493411636850637,-0.05702140014208264,3568.4829764954047,2738.945151702096,0.6671438473105381,0.46374241019993384,2527.3938437879715,1738.4122753456925,0.45949138016423563
0,1,0,1,0,1,0,0.31338817684381476,2806.736954874898,2040.6636432727807,0.5744610197752041,0.4949181320471981,2406.7618650937634,1610.64626677001,0.43467873972043825,0.1398037169671972,3125.1184235067217,1989.7634084641645,0.5099245775286364,0.3641329306580129,2699.2048423538813,2001.026893343731,0.5130821106177583,0.5006189009195819,2393.1901623906906,1634.6530717913565,0.4406508500331143,0.42752914888571797,2558.8781090649154,1664.0808852129082,0.438929068160107,0.35625050524472096,2718.8810564973687,1996.3945573621302,0.5213728981856953,0.48195525735712264,2437.843449147796,1657.3018288087278,0.45404142191880054,0.1989920644441003,3021.734005303698,2231.648327801364,0.5453817665962305,-0.028829534809604568,3440.07936747088,2683.7746123095344,0.6823820792370596,0.4275216155574065,2560.9191883454214,1736.8671124875334,0.45812601004775305
