tech,rmse_test,rmse_train,rmse_ratio,r2_train,r2_test,r2_ratio,mae_train,mae_test,mae_ratio,mpe_train,mpe_test,mpe_ratio,k
bagging,2412.0923207953238,926.1271843638793,1.6126807870024624,0.9287211496935488,0.5114524440674624,-0.4489185150864025,595.9833464577001,1561.335865425532,1.6206932373593421,0.15434502435301342,0.4093419322942761,1.6579196370471307,500
ensemble_voting_bg_mlp_gd_xgb,2370.3598597707937,940.3130839117182,1.5271697751030704,0.9265892099539071,0.5297053514946105,-0.42829372256095183,701.0688374738646,1622.529706206969,1.3207302956992328,0.204652979277366,0.4394921637662786,1.1600218504228794,500
svr_poly_rbf,3568.6189312707584,3572.0860208388394,-0.0003090344523603461,-0.05905076674883221,-0.06183562620829188,0.0908147530694865,2723.5853636548336,2723.588997802178,0.00039511985091154054,0.6365595186911114,0.6365579944511891,0.0038108511279409283,500
gradient_boosting,2480.6265628936553,1598.4412224566665,0.5541557075354167,0.7878803766430199,0.486281356144002,-0.38236525585397174,1238.2483782232077,1771.786085646174,0.43185630689841836,0.3502807409815685,0.47633522845747944,0.36583332289419274,500
decision_tree,3240.7274255247057,193.30252309146252,18.90995488310454,0.9965728124740002,0.11795495002765399,-0.881658777501473,18.085106382978722,1844.704180851064,130.7389092287582,0.004095476036965398,0.4313561994325332,123.60646545030711,500
elastic_net,2714.264595059039,2481.4008819937553,0.0962185775260852,0.4889895635993873,0.38616155568025073,-0.20742780255055768,1827.5329104351636,1985.5773653124627,0.08766323152804123,0.4882167007123416,0.5265915498723468,0.08269221125933354,500
random_forest,2418.4325063499455,911.2745652248261,1.6581007743272669,0.9310245004071046,0.5090916272694261,-0.45299464803977135,596.0178955724418,1571.103027147923,1.6364615766869854,0.1557903965014815,0.4122049223751926,1.649170071648004,500
adaboost,2837.7091034285686,2515.141471020168,0.12970537805427657,0.4744983362904489,0.32828868659951027,-0.30138182111530554,2028.9998406886923,2169.1116310842544,0.06978520210069931,0.5898160161337189,0.606656857419378,0.03492644558157158,500
mlp,2682.4520692015526,1467.6521824635893,0.8528245312198719,0.8202093044521599,0.39848898722478027,-0.5120485879208375,1093.9518350296405,1886.942941391349,0.7430226642387823,0.2640215446155748,0.43582230942930106,0.697413514091485,500
ridge,3153.72864437504,1558.6165230105375,1.0254287363136645,0.7982932404437233,0.1712101787319029,-0.785323552972011,1159.4534137434523,2341.597558976507,1.0221662427155238,0.28569656961004714,0.5866484107055128,1.0773589593364856,500
xgboost,2508.951851661344,280.9083024009036,7.990701947351392,0.9934040873184594,0.47307377268903095,-0.5237602511475512,150.28631045889344,1720.7574699758975,10.684839659181929,0.03909214273157649,0.4437898301588522,10.626398660079008,500
bagging,2436.642809463373,913.2665845475601,1.6815879646805185,0.9307397895782664,0.5035860675355117,-0.4586455196987843,589.2215868287741,1590.7036335005066,1.7138599591433838,0.15375757235962542,0.41518609837408105,1.722842515045502,500
ensemble_voting_bg_mlp_gd_xgb,2410.5279044222834,945.9078564089984,1.5731444981709661,0.9256167218249306,0.5138031881309023,-0.4443902986549002,701.2282347673242,1657.611425234471,1.3814541172243313,0.194833423070556,0.4330850667081023,1.246169424970128,500
svr_poly_rbf,3565.129723907294,3571.800509322904,-0.0006242024776594857,-0.058968428258714047,-0.061443930859894816,0.10443901657861024,2723.5307820788257,2723.5479820453374,0.002341033320682073,0.6365537940066339,0.6365565453640545,0.0025738562455722034,500
gradient_boosting,2525.053621318196,1609.182959282151,0.5796714004637792,0.7848844403380644,0.4679304048614796,-0.4022526973611654,1242.7248347886768,1794.799358081961,0.4520417151541448,0.3530474595657306,0.47432391502078575,0.35460803743208846,500
decision_tree,2971.5991672252794,169.84878331865553,18.445125073777,0.9974001823912243,0.2612205898516241,-0.7381098381175265,14.627659574468087,1775.8211702127658,134.88102706554622,0.0032553930260047284,0.47027453382904805,196.5613276911261,500
elastic_net,2729.0890475937404,2480.1745677843587,0.10379989596726757,0.4894310006089572,0.37881599459611104,-0.2220250116190133,1827.3116169311465,2003.239534490532,0.09955969308476771,0.48788526727931564,0.5317722531004098,0.09627982704106461,500
random_forest,2432.020552900126,913.4468619228708,1.6747484117038056,0.9306785877840584,0.5042706231166749,-0.457902952496278,592.5812905027863,1599.647091231003,1.7143218081984266,0.15473061008998565,0.4128121777534991,1.6856253630449267,500
adaboost,2832.9109088283126,2507.281641713367,0.13294432684212756,0.47809479885489525,0.3298893912667331,-0.3053705178025298,2019.9333727908038,2166.3642076406823,0.07564268850146563,0.5877020520585364,0.6050382391709384,0.03266966309749668,500
mlp,2704.456124609842,1555.2391462439446,0.8006036840710582,0.7940509113631099,0.38739393696655894,-0.5024536602544698,1166.5775486235518,1958.80407932533,0.732727011253843,0.2957385498926891,0.472216129075234,0.6110118422176907,500
ridge,3163.44832643293,1551.8311241033969,1.0511583484165252,0.7999338970023187,0.16140671529625888,-0.7956130948407504,1154.5518705146897,2380.3673026627885,1.071603206206444,0.28493868168454856,0.5846743443761985,1.0761705767297578,500
xgboost,2615.521627736482,254.27939417147786,9.837317668388291,0.9944143665247835,0.4272750643955353,-0.5702688516539315,147.07950631681402,1773.7522364060424,11.481282101526798,0.03802907208421211,0.45584519711808563,11.731861101922515,500
bagging,2483.0580674200405,928.4383127419238,1.675267684090964,0.9283639943626248,0.481104505833739,-0.4817065989995468,590.2132377706012,1610.6698410739614,1.731971006716456,0.15445161766034105,0.4204317182079196,1.7625405892842771,500
ensemble_voting_bg_mlp_gd_xgb,2424.8622302471463,931.7358326169648,1.606482987609784,0.9278466725197916,0.5047905289651384,-0.4559930253861424,693.3784042266229,1655.8509443318035,1.389917630494863,0.19218687827435302,0.42812515058102496,1.25079884116229,500
svr_poly_rbf,3570.7158134534,3576.8782299777786,-0.0005564280895148377,-0.06228604630726138,-0.07029075153911366,0.33674476743337556,2722.7807334251543,2722.5212811113665,0.0004948325624539063,0.634022915384753,0.6343785126166878,0.010951561056301972,500
gradient_boosting,2540.675104675292,1599.8204425649158,0.5900639396117912,0.7874274872717483,0.4564494723049021,-0.42014197303280076,1225.6255310895128,1799.131731028482,0.4688431542951813,0.34729599853818,0.4714018539628362,0.36475313696354716,500
decision_tree,3287.220617254489,196.4245694953592,17.240117836863046,0.9966051311436273,0.08460989102384524,-0.9149969515017184,17.95212765957447,1961.236085106383,121.1190926887563,0.003915215989684076,0.4811280703244652,146.29587434234185,500
elastic_net,2755.0570681118197,2476.562636728616,0.11302618976056755,0.49050578914742893,0.35735435283253053,-0.2661300390917672,1824.1720750172158,2016.3945501595292,0.10641926636334231,0.4878637617922409,0.5342228215074616,0.10194083908376184,500
random_forest,2445.7866938982665,911.6362426308197,1.6815111757827819,0.9309228900161439,0.49707780607338387,-0.46608134942386065,587.1322992667174,1582.7356333687944,1.6986579254179504,0.15399682029772274,0.41315888118934396,1.7229601489268405,500
adaboost,2864.7566989441584,2520.8176376238275,0.13669357515661323,0.472271579154809,0.307817324550001,-0.3473401373475572,2030.682496614688,2181.696657912705,0.07409823017914215,0.5889909387662615,0.6097636696780884,0.0404730103636997,500
mlp,2839.7123022126493,1610.0617986335642,0.7675462458936714,0.7843943792671664,0.31714979116695474,-0.5955269857823161,1225.9301384806236,2006.9559941730356,0.6442097670244885,0.27982470466137455,0.44984505611018133,0.6095835397685174,500
ridge,3212.2689671598746,1552.8916761084079,1.0704134796597713,0.7997652308655115,0.13179735777943,-0.8354339079988247,1160.4281173441834,2403.5161961894028,1.0729194695217281,0.28677430022810146,0.5855745246454573,1.0418820282009782,500
xgboost,2547.507661937346,281.1338464128222,8.10312164228198,0.9933772715903981,0.4531490000776497,-0.5438053151308406,154.29813636942112,1748.3926516788565,10.543428795030428,0.0398473066501749,0.43962889495503915,10.006147957628144,500
bagging,2446.8412912734557,912.2210563184228,1.6867623582110784,0.930821732231688,0.4950254439521814,-0.4678771205508694,591.112817254306,1580.9625931458966,1.6808022685998636,0.15456141414996338,0.4104977396770371,1.7002223087863737,500
ensemble_voting_bg_mlp_gd_xgb,2417.5335040465943,917.189399336207,1.6451330972158211,0.9298867433270932,0.5073488978195438,-0.4537932712903662,682.029414765078,1642.8449860118017,1.419072282458273,0.19030910309129628,0.43180290481199507,1.3038983270827855,500
svr_poly_rbf,3568.746368967012,3571.994205937349,-0.0002935322868855339,-0.05900670444932978,-0.062241642619516965,0.14092142354920112,2723.5245300778925,2723.5709314660867,0.00035358046504994076,0.636555249075936,0.6365567648088524,0.009736687001852285,500
gradient_boosting,2540.182642890669,1613.3346252124115,0.5769965509697362,0.7835656597913958,0.4548924517715592,-0.4173069162500617,1242.9958635856378,1810.0293015740147,0.45816773154844564,0.3504321667497643,0.4842433665441628,0.4026434874051362,500
decision_tree,3163.39153792375,169.33807550339378,19.906632831585206,0.9973649093006187,0.1636117110570889,-0.8359122007067417,14.627659574468087,1814.5339787234043,133.34508533333332,0.0032615046744036104,0.4628772768211588,172.33870229938637,500
elastic_net,2744.6482552406137,2479.1321834902105,0.10807588210680814,0.4894171414987423,0.3625209923819524,-0.24722949496562469,1830.0548633633825,2004.9726528487954,0.09678429630876387,0.48834824110445324,0.5338204415934162,0.10583169456054542,500
random_forest,2447.2027877242094,911.076268465835,1.688037037224312,0.9310514064726707,0.4946322455891646,-0.4685059339583493,588.5418646466566,1582.6170465754813,1.6909465961405048,0.1539221428018591,0.4138626301273705,1.7177506617497627,500
adaboost,2876.4407321178937,2520.221446400733,0.14211076450889423,0.47224996780879475,0.3045914199215262,-0.34397342929914065,2035.647072603312,2190.434029642648,0.07692981150099895,0.592311349582926,0.6115684868172075,0.04504365688001495,500
mlp,2680.960231942509,1475.2767398127705,0.8590173664149268,0.8149188943317505,0.3936164501915913,-0.5061881745084158,1108.9850031195933,1910.0247793768096,0.7659143525348234,0.28871575670152705,0.4790552310429682,0.7349414322581228,500
ridge,3201.8435901136118,1551.5514131724872,1.0682865772082137,0.7996251621527181,0.1359036169555173,-0.8271026143596092,1162.8537021391292,2332.5301531489745,1.0116808752507147,0.2869577140755105,0.5606202570897251,0.9872403570639936,500
xgboost,2572.6171678884966,266.5535838145792,8.846124279540408,0.9939773315450022,0.4421757925688083,-0.5550345803838528,155.1655901921049,1742.3469421906163,10.358104513994236,0.040016464499516784,0.4400463565601164,10.180873539820244,500
bagging,2445.8347010609236,929.7493933780368,1.6341522634862553,0.9281941107624119,0.4956415090427223,-0.4660074925658213,592.4158092223912,1593.4192785005066,1.6905661330020103,0.15307315822355513,0.42273483536155887,1.773392055654535,500
ensemble_voting_bg_mlp_gd_xgb,2459.3901134210164,922.9460264737736,1.6687553038596605,0.9292592320757576,0.4889083868997254,-0.4738964685829723,677.8437194190369,1718.4101386879327,1.541181985723232,0.1975088745134138,0.463786659063507,1.3466993879687046,500
svr_poly_rbf,3568.3998433568036,3586.3525399629957,-0.0025037154210275857,-0.06814067292018651,-0.07125455955550497,0.3083195433370583,2723.5831165085574,2713.5407959350778,-0.002167901270220285,0.6309776047075928,0.628095221956433,0.0018543844931664833,500
gradient_boosting,2521.147438827501,1604.9364670673135,0.5739086422871077,0.7860381886934146,0.4645034613576947,-0.40892074804529155,1234.684425767694,1808.7500416175512,0.46713473757406837,0.3511264707819028,0.48280960665610434,0.38146768242328605,500
decision_tree,3156.1875784651634,193.25834732732784,16.092333985672674,0.9967390984911784,0.16177707290673676,-0.8377028372043224,16.62234042553191,1848.8957127659573,120.8235230398482,0.0037601748871695685,0.48742083084318805,144.7152505318724,500
elastic_net,2793.222002693111,2474.863983916695,0.12972578696098575,0.49107294819764535,0.33738642237127253,-0.30800405943615977,1824.4667359368439,2035.4203865992845,0.11707739544955068,0.48667921415937376,0.5403897251449971,0.11600344875424007,500
random_forest,2457.524900777077,923.5568897610174,1.6639307932860334,0.9291313132424378,0.49094537150104073,-0.47158372049818376,586.5813578799392,1595.0575866058764,1.7215330523033021,0.15228887904587934,0.4212245556914335,1.7794679844045511,500
adaboost,2851.04760185383,2525.3397829334363,0.13170724659379626,0.47039501866166245,0.3155914381165711,-0.32752494583749403,2038.7419485310213,2181.4014455697807,0.07241462751710248,0.5935972791581381,0.6145097653991629,0.042142735269795215,500
mlp,2926.933212443062,1686.0106446274299,0.7681388350806644,0.7585390335865508,0.25596896005321035,-0.6830122811447744,1302.0004440167525,2054.5028864670544,0.6149470792366634,0.3254396354215351,0.5027473952082581,0.6254825656047076,500
ridge,3047.291234854171,1570.7976431060858,0.9400341276175055,0.794915770570055,0.20802439590056201,-0.7372501479063376,1167.0935943650868,2260.6883867193674,0.9371619508997331,0.28789669834141723,0.5722655848735065,0.9943517493797508,500
xgboost,2651.823113807781,278.32768445675646,8.677744279420576,0.9934227893024872,0.4036644366487086,-0.5937306748901119,155.62072973373088,1827.465092487741,11.057537074316281,0.040309709443587735,0.47870108416036283,10.845194810140269,500
bagging,2427.8245490938543,910.2140357110372,1.6830744002644082,0.9311520867244889,0.5089694378875753,-0.45323891023305496,587.0735853748735,1567.7662841843971,1.6784476751683393,0.15375926471633267,0.40324950746975646,1.6291990360591555,500
ensemble_voting_bg_mlp_gd_xgb,2421.982201085716,934.2362194903005,1.6006055973413509,0.9274171461376893,0.5115383113445657,-0.44838266962912526,694.7827519777939,1669.998271896605,1.408599558149259,0.19438367415992683,0.43625049571571106,1.244996352621118,500
svr_poly_rbf,3562.181530099117,3571.549425018979,-0.0008394532791689447,-0.05883080584886713,-0.059498482175971555,0.04548442739686298,2723.5025431804524,2723.503327709632,0.0008906682468643234,0.6365542151088508,0.6365561180378533,0.0038544066597666405,500
gradient_boosting,2536.4684542759014,1611.4726397848674,0.5822477115927156,0.7843477086616619,0.4637393922344441,-0.4078323091402848,1241.9626151702141,1822.732493409784,0.47050828576069403,0.3497714590345743,0.48516017997118277,0.3883655622851147,500
decision_tree,3211.85144309344,165.4209179239445,25.24669473331892,0.9974362758644026,0.13838177898854107,-0.8610734890322359,14.627659574468087,1893.499893617021,175.96720282330824,0.0032553930260047284,0.4549236105926223,232.5647225131022,500
elastic_net,2809.9398605613433,2476.05747545175,0.13848254090582013,0.4911510382823199,0.3403135368276499,-0.3048670592223298,1825.231780899223,2030.1831109864943,0.11427318299460636,0.48731149480209124,0.5342642957670585,0.09877847607135563,500
random_forest,2447.469418979019,906.1968945498987,1.7256660463319171,0.9317909671708703,0.5011602861574982,-0.46183729135453044,584.6628034827761,1586.788921377913,1.7241947119417964,0.15271738238426752,0.41007744371417465,1.6918282384607246,500
adaboost,2842.6860461357883,2521.235103851178,0.13307397170480342,0.4723837392183315,0.32461300991500336,-0.3094871723626295,2027.9120413677178,2169.654025553825,0.0735122321399212,0.5899390397070974,0.6082623231648098,0.03303836200231782,500
mlp,3023.7062179970044,1555.794680818159,0.9364500747805884,0.7954923849755217,0.21603746093070045,-0.7374046129937495,1179.4560990838659,2074.0879197656186,0.766822149293701,0.33372813513173577,0.5224079794351122,0.5841749762347648,500
ridge,3177.017250043532,1562.697868943074,1.0368902844178922,0.7973049440364752,0.1522353953463765,-0.8088217015574675,1161.7267755963544,2320.8886469029253,0.999586045479206,0.28798824714504845,0.5577778017738122,0.93962781781572,500
xgboost,2609.2709361632283,266.94021540255466,9.003884957944118,0.993995248727469,0.4330887554734436,-0.5642985393157769,154.91898410293902,1770.5150623597488,10.59975998943139,0.040188198434723724,0.45003241129503085,10.440027859327081,500
bagging,2358.047752810652,924.0351481033013,1.5674751989795512,0.9291176314439273,0.5375151141355605,-0.4211694435959319,592.0313888107902,1542.645834929078,1.6097603300073815,0.1554286580938317,0.4090565245046534,1.6433043622155274,500
ensemble_voting_bg_mlp_gd_xgb,2346.099762900339,924.8735115681895,1.5577285199324546,0.9288986994369945,0.5422760848207275,-0.415934050565771,684.5633460758429,1620.7847803020059,1.3721602650970788,0.1870021705908925,0.4297075932490869,1.3035101700338851,500
svr_poly_rbf,3568.1988573882504,3572.005813548939,-0.0003191499821983301,-0.05885966437272816,-0.05923693223803288,0.012107829837361538,2723.5537254482747,2723.556827407516,0.0004236532650963465,0.6365565094452187,0.6365569067407022,0.0031069791750903742,500
gradient_boosting,2495.8301947424648,1618.2303432248602,0.5506790815425491,0.782637401439289,0.4822480720398611,-0.3826847166882059,1241.9588485428837,1777.5243904906456,0.43402381281048574,0.351337324733724,0.4790926444272393,0.3696207126286243,500
decision_tree,2995.649630550632,166.97651299261364,21.502347217200253,0.9973847992063807,0.25347065358419363,-0.7457220470797977,14.893617021276597,1751.0637659574465,142.75263137426793,0.0032615046744036104,0.4367358012476498,158.85816619921255,500
elastic_net,2770.2208046404608,2474.8580635004537,0.12136521349879648,0.4917308516168946,0.36139257079979986,-0.2629687968905117,1824.8694199813567,2020.2880198315374,0.10792884715171813,0.4869316197633874,0.5379611383967549,0.10767403472277207,500
random_forest,2383.171400834098,915.3175230121785,1.6173225128362465,0.9304481812044945,0.5277106660587607,-0.4325700782971175,589.6002303394124,1552.4824999442758,1.6338804826733437,0.15211295988316503,0.40996793137137794,1.7000673871564012,500
adaboost,2814.2178187701415,2518.192356712565,0.11970314326839367,0.4738127627367226,0.3413511010535428,-0.27790916510674124,2032.2921729179739,2147.0752599340585,0.05820225566460167,0.5895873515483854,0.6031735213277168,0.028406226498560706,500
mlp,2823.109674810265,1498.702252602629,0.8932643434709465,0.8129841854008335,0.33439093055362273,-0.5886921328612422,1119.448682880328,1998.3662197094868,0.7931886257651918,0.2968187226805734,0.5038679352755309,0.7160433732193333,500
ridge,3174.4587948174362,1561.177339189539,1.0378198155700125,0.797703744010961,0.16128570743425108,-0.7970878808290058,1160.7584883337963,2364.6045472781107,1.0390647860753965,0.2884197047557488,0.5691537291644948,0.9762685800762627,500
xgboost,2413.9899207689327,261.21228520581775,8.81893760865692,0.9941221022542793,0.5150635632945408,-0.481787985349592,151.6940971163486,1669.6784765884724,10.402322547883836,0.03972159127638227,0.44420909345261456,10.52958665927092,500
bagging,2352.8246485835916,919.8953625222872,1.5724397437338729,0.9297547086114836,0.535968868046251,-0.42327465744516973,593.7172041932624,1542.8946579635256,1.6068932675234513,0.15396659727177403,0.40408930473715776,1.6522589364870366,500
ensemble_voting_bg_mlp_gd_xgb,2325.5943678136027,923.9970083010097,1.5381674221453663,0.9289348609267535,0.5476358576558162,-0.4100372607232183,689.7491657290263,1602.6980790081193,1.334581140003276,0.1920674885245738,0.4174204738095625,1.2167932284456053,500
svr_poly_rbf,3561.916089749945,3571.6637435877865,-0.0011014963734785389,-0.058994626757013745,-0.062095760289355574,0.12633387747714767,2723.530051284233,2723.540643663403,0.0010936031919082767,0.6365554910180824,0.636554579083608,0.0077289047641229125,500
gradient_boosting,2431.438479338461,1617.4333995215277,0.5087374877804801,0.7827370484447407,0.5053612931458982,-0.3537316012893382,1246.2736536731725,1739.3917436947736,0.3976623952596428,0.3535601616454436,0.4636946569797793,0.3275333818809915,500
decision_tree,3127.802890580762,165.1426886389601,21.89175587120849,0.9974154463402553,0.17665836396242926,-0.8229713083680592,14.361702127659575,1845.884914893617,157.65544809141312,0.0032016642488716953,0.48165572377193494,169.10041832304367,500
elastic_net,2714.2916653709085,2481.765526494336,0.0953501965626056,0.48861136707326647,0.381755432033657,-0.21691607748914876,1832.4995718709338,1983.137788239806,0.08338770735269477,0.48904449203976197,0.5270513074480528,0.08743187635752729,500
random_forest,2336.2097304349873,909.9940491167906,1.585120967502996,0.9312397284846075,0.5425900315677643,-0.41704483958294974,586.4685495415399,1527.9691220820669,1.6147907672188455,0.1535954737761678,0.40071692203474757,1.6281937892069411,500
adaboost,2808.4351181133047,2526.5963578714354,0.1135063257408547,0.4698350995707826,0.33736203178889274,-0.277880417879315,2037.85001068247,2156.854981284832,0.05927547739475547,0.5934691410783638,0.6063039523140094,0.031947849219116,500
mlp,2613.944638553628,1385.0832469367601,0.9132660518809284,0.8394240299126101,0.4269218053260733,-0.48945825066452286,1047.8186228494494,1868.6391841145567,0.8083070673091253,0.2823149933256779,0.4688404769017195,0.7105323658166678,500
ridge,3124.1786514187784,1556.4437825330538,1.0092589907826657,0.7988228527046498,0.17446548260131448,-0.7815318242661689,1168.066553660908,2289.9519168782367,0.9620241362309698,0.28857863686399987,0.5600049911488716,0.9449267559089382,500
xgboost,2482.335416781129,268.2067566740775,8.36627492465222,0.993977547994041,0.4841980918101008,-0.5129054827710764,154.69793968525337,1689.6918601697555,10.102485499070644,0.04015300568024009,0.4319623645125579,10.10316882742324,500
bagging,2428.833125251999,921.0219578932827,1.6382765550590601,0.9293759806263189,0.4993640033171389,-0.46268652785594755,588.7127972834345,1567.5089112512665,1.6651692541783027,0.1546485329524458,0.41308118628645135,1.6835522895336568,500
ensemble_voting_bg_mlp_gd_xgb,2404.856995891719,928.7701467460636,1.5855466195981296,0.9279354323304396,0.5082785389205923,-0.4520506368056506,688.0064664033554,1654.3339626925256,1.4028910238033419,0.1922016692163313,0.4377373061597648,1.2860469715213063,500
svr_poly_rbf,3546.766200153902,3570.5613930014356,-0.0019683588052635593,-0.058959414508803445,-0.06101768833292023,0.10219759465213593,2723.5460377361605,2723.533676884231,0.0026968186362115844,0.6365563993472669,0.6365539405964534,0.0062563687044400185,500
gradient_boosting,2527.7751013441984,1630.4178681098103,0.555590859599764,0.7787594713352204,0.45835346363811585,-0.41020975948248306,1246.002632657973,1812.8926400261312,0.458355825191018,0.3529074401078241,0.4860211989230551,0.3865329518106673,500
decision_tree,3258.9783820309917,164.20958988436715,23.133946486068545,0.997317324155903,0.09982980096851535,-0.9000476212759347,14.627659574468087,1901.176489361702,163.54984552573097,0.0032553930260047284,0.4720782135042084,238.5282015028315,500
elastic_net,2755.5410312996346,2478.3546127141162,0.1141771155927215,0.4893547904052841,0.35327137345880616,-0.2749270421801881,1827.601862466571,1999.8020509507417,0.09555970503157256,0.48752865576308846,0.5347163051055139,0.10081222316394653,500
random_forest,2404.1430881287006,921.0967749418963,1.6260624052111319,0.9295262495142872,0.5101706705599692,-0.45110502977972616,592.2587331914895,1570.4714250050658,1.6607896368887822,0.1543414521462158,0.413690809681703,1.6951562890777396,500
adaboost,2849.1351100805955,2512.7483304990674,0.1399576125095615,0.4755098235705181,0.31301751414359,-0.34019491061622087,2021.7891053987664,2170.9609473980404,0.0784767728788188,0.5867470895234985,0.602284011997571,0.03720128686602264,500
mlp,2730.9056604357443,1456.4102011653747,0.8790477527853984,0.8237560230403472,0.35448684614319415,-0.5699095860665442,1095.718255507601,1928.9205525589266,0.7666932013879022,0.29295540942661746,0.4885386822497881,0.6796258459922624,500
ridge,3118.836634560465,1558.770532127355,1.0010922831853635,0.797551855353856,0.1585484152607599,-0.7986781857420923,1162.608050379639,2312.9058277755494,0.9903300554666103,0.28722960338396053,0.5739841115875184,1.0072077885445823,500
xgboost,2505.357001103094,258.8285654369757,8.839561984957754,0.9942329744433639,0.4654579494916242,-0.531836215880432,147.02133197703262,1752.746571694232,11.11219094567642,0.03770285152841699,0.45829426970237164,11.253195770225224,500
bagging,2434.5987952675305,916.6539514122045,1.6603078596134182,0.930195469292528,0.5041497882205564,-0.45790030763375994,594.0262211220871,1575.9979624062817,1.655759075467961,0.15662740058918956,0.4091101661566413,1.6149793282926102,500
ensemble_voting_bg_mlp_gd_xgb,2413.9577228473727,953.1181505375476,1.5427065704276313,0.9244709757440855,0.5116164026362924,-0.4466486636652058,707.0398219970448,1638.7706741984734,1.325882536372124,0.1963143197274146,0.4236254348506104,1.1549667369911742,500
svr_poly_rbf,3576.4201001997453,3585.643662587565,-0.001261725282981252,-0.06719933020227327,-0.06745624487747622,0.09535879347861523,2721.9981070531967,2719.223388805939,0.00024581331606958744,0.6305187417479854,0.629904470139158,-0.0004998965764439811,500
gradient_boosting,2529.089270265126,1608.022167801031,0.5728928807197307,0.7852371475692034,0.4646710893093558,-0.4081601014388344,1236.0244764156573,1797.1962893426905,0.45432944591921604,0.3505015862321991,0.4767868428681835,0.36006246221115595,500
decision_tree,3208.578688036246,165.24882012507217,23.431743866588487,0.9973789543958279,0.1268431271411756,-0.8727478174293493,14.361702127659578,1862.2467127659572,211.25142750780395,0.0032016642488716953,0.4756104140769605,189.75662930679263,500
elastic_net,2737.5213895047605,2479.6741078833643,0.10504109405752211,0.48952079053417324,0.3720445940468119,-0.2375548790681723,1826.3819156241575,2008.8872642985214,0.10211253556009348,0.4879335564968749,0.532608385983415,0.09243110471246321,500
random_forest,2433.4238643203007,916.2798339831222,1.6590294413651343,0.9302022454211123,0.505645298343921,-0.45633762482514817,590.0160950063323,1570.2513622391084,1.6637974055449667,0.15499125268533862,0.4087299630214488,1.6398556853720396,500
adaboost,2848.2149515881874,2534.068004361348,0.12546211453015954,0.46692790873353485,0.3200337119228389,-0.312751450015457,2045.4859834654521,2186.5828007129517,0.07043550229192856,0.5952565018693718,0.6141640847580587,0.032164299579409986,500
mlp,2724.0717729781527,1400.9100057386602,0.9457639633055417,0.8366011948085939,0.37691341719304666,-0.5488216956643047,1042.6556075406,1910.7594731325407,0.834927174610032,0.2660928256661061,0.45962972478404784,0.7278238228718434,500
ridge,3127.8594924404106,1561.9211782874565,1.0036127386782718,0.7973862593386667,0.16946158726991592,-0.7860757670002004,1166.798780393204,2321.81343091284,0.9904834612027358,0.28764924740371506,0.5743585673908476,0.9968541441609158,500
xgboost,2555.6596291087944,279.70850488330456,8.360560153009676,0.9933176464837384,0.4506454917817865,-0.5462526219827428,170.36150023959544,1732.5718753116685,9.22576050197583,0.04414592026041216,0.42853098760750524,8.7412794943485,500
bagging,2448.4368721434225,909.4980578397193,1.6955264684845404,0.9312839259622218,0.49784235914671254,-0.4653497421722873,588.3630982535461,1599.0929431560285,1.7212550414673138,0.15388318010699706,0.42002553845729756,1.738580747318951,500
ensemble_voting_bg_mlp_gd_xgb,2409.538152437522,940.3579883797322,1.5633759045827422,0.9265478238002185,0.5124762762079187,-0.4470231549523468,698.4862308645963,1672.8490302542018,1.3992529041975084,0.20463047380041557,0.4491256003798849,1.2051862886746545,500
svr_poly_rbf,3564.3303085905,3571.690188020811,-0.0006619806072270862,-0.05908902491271646,-0.06420741850864631,0.21805767233712894,2723.500199398724,2723.561176596123,0.0012092236575114601,0.636553116827503,0.6365599589078268,0.00365730168741365,500
gradient_boosting,2533.7404445118946,1616.525685011885,0.5695166581578087,0.7827085938887177,0.4622111257400004,-0.4091920626626032,1238.4067604904442,1816.8910376382505,0.46888943036115316,0.3514023513432784,0.4848081869092799,0.3852428924084512,500
decision_tree,3429.2787687906966,168.463221739827,22.91862489907457,0.9973314705230614,0.007909715502789827,-0.9921527161315197,15.026595744680852,2056.3403510638295,160.39925674139195,0.0034417647216849353,0.49681059400579075,196.1936255888626,500
elastic_net,2717.197000749284,2480.956663287731,0.09677003660475836,0.48877042156999995,0.3786542715264326,-0.22020687982515916,1828.5060220349685,1996.0080268749728,0.09239494833085064,0.4886084068784721,0.5280281560361246,0.08707186249890746,500
random_forest,2452.2899154534302,912.3604620869567,1.6928717600041139,0.9308743991617974,0.4958198782720774,-0.46729241708023805,582.7411981978217,1598.4837740780142,1.7472113467246562,0.15336744878714076,0.4189862994073118,1.7361541899359056,500
adaboost,2844.949915291686,2534.1248941303734,0.12507090600714482,0.46673321481986657,0.32158349351744325,-0.3078230662860303,2045.7500775312533,2180.7633254125058,0.0679413117384603,0.5952030896164117,0.6117687575311124,0.03466293873271738,500
mlp,2877.393090205696,1564.8889593190293,0.8481471072461941,0.7949586910047957,0.2947487719559865,-0.6296765310101378,1197.2948700742622,2076.5819346668263,0.7463257043899263,0.29681450409035565,0.49321886619185695,0.6892296339144286,500
ridge,3131.7473358510256,1556.215287195184,1.0173216677244201,0.7988273751320862,0.17323155372896276,-0.7822393605978574,1163.423251009242,2324.8448079249683,1.0018145467906714,0.28730705345795815,0.5687654186237228,1.0023550737640297,500
xgboost,2593.6687850996714,257.40434708512163,9.507508887401125,0.9942477572025462,0.43624228727538233,-0.5613217094024198,146.09874319035956,1789.037929635555,11.63330445075783,0.03783818793185102,0.4535541426575528,11.844853093725819,500
bagging,2417.1656883189835,923.3644332586866,1.6261590785180844,0.9292286231197979,0.51390419507178,-0.4468401695437264,595.3034616489361,1572.3947249290782,1.648604454513962,0.1564750056407444,0.4083183310123356,1.6207226641376729,500
ensemble_voting_bg_mlp_gd_xgb,2427.701816073695,942.9656181832163,1.5962510740810605,0.9260837759802458,0.5096648634142641,-0.44933398455010887,703.1262059877133,1666.941328656568,1.3913618625294608,0.19049223495784245,0.4274174808647805,1.2482347538519043,500
svr_poly_rbf,3568.832246024385,3572.0038626409914,-0.0002732068095090412,-0.0590227516111939,-0.06226630673580824,0.1027649497143649,2723.5273192720274,2723.5411246206,0.0009050454073777026,0.636555479801617,0.6365554625048733,0.0025507349560099923,500
gradient_boosting,2548.938154242448,1611.0018596672478,0.5859724653951517,0.7846105644512422,0.45948535686382846,-0.4140781154311157,1243.6291254977352,1838.5253137384539,0.48100971154608363,0.35226633501047355,0.4807297989551037,0.3702642606089712,500
decision_tree,3070.3924688692086,191.47623703961884,16.404675878389817,0.9967553608327844,0.2113012528044921,-0.788095020648607,16.622340425531917,1870.7914148936168,122.64456765714286,0.0037257213088330112,0.473292670540288,178.17612225800968,500
elastic_net,2766.983769610132,2478.4319726237263,0.11795241795126547,0.4901949788157792,0.35963904041916617,-0.2642051820971885,1828.2496921701622,2000.3036216961773,0.09588917178894862,0.4879832575131308,0.5300296069946873,0.0882834058077299,500
random_forest,2420.262601763643,920.779561780538,1.6347565594036098,0.9296232340757303,0.5117270226340385,-0.44945128337735757,595.4413158586625,1574.2111186068894,1.6512557485786652,0.1566731235644863,0.406167425897818,1.6020437819988067,500
adaboost,2836.2752016894733,2503.165459419902,0.13703553670883836,0.47984160395829767,0.3303187334655817,-0.30632012389312446,2016.9047383562975,2162.137555662855,0.07535787655756294,0.5857203990795472,0.6034850179029588,0.03343471016566897,500
mlp,2899.8442450718453,1605.6269479877471,0.8284701183885836,0.7853051030101048,0.2904932226087813,-0.6276789653483625,1219.8063916362162,2019.287462281271,0.669271274074713,0.2704700024262491,0.44175887489980115,0.637232191938631,500
ridge,3245.0811764823434,1550.452475051044,1.0983849696529648,0.8003519926706832,0.1177745830985234,-0.8517633728077646,1164.7117629773638,2387.602760689271,1.0528705179533875,0.28805713163638125,0.5808674808671849,1.020488060444483,500
xgboost,2543.675495056397,275.6979512948435,8.29610615658253,0.9936530415692651,0.46192565166736765,-0.5351221153225089,151.11292008615047,1752.4912734530837,10.759945963499721,0.03993858692990489,0.4439499863675276,10.321709767532697,500
bagging,2433.1639630670247,917.7928612109656,1.6525669605489821,0.9300003897345921,0.5008324638834913,-0.4612840111147272,589.9978228786728,1588.927630947315,1.6935720145936024,0.15566341716171964,0.4161409991044539,1.6727520529541273,500
ensemble_voting_bg_mlp_gd_xgb,2392.151324979869,937.0596072850174,1.5654211739051986,0.9269071042045255,0.5156291847485115,-0.44363941925360495,702.587890977059,1666.8304494243398,1.389029590859261,0.20375915570233719,0.4473895969912497,1.2110439759267049,500
svr_poly_rbf,3565.4482719415255,3571.8062556040322,-0.0006054226171065657,-0.05913849203366315,-0.06417641701740986,0.24536535472010365,2723.5252583288275,2723.537668873902,0.0008134965343986389,0.6365544672439807,0.6365542278982803,0.0018582518450097174,500
gradient_boosting,2488.343032814657,1611.9662869046297,0.5460666039660573,0.7839844585956837,0.47700243415292487,-0.39022772372287823,1245.0350231242755,1789.684470594116,0.4381880606917369,0.3519333185634593,0.47159017486636545,0.345907520849287,500
decision_tree,3118.254743849016,167.01393214786418,21.952482976327172,0.9973231639610244,0.17427809946637657,-0.8252609247694391,15.292553191489365,1816.9020212765959,137.72108089607596,0.0034671515688802926,0.4561758521516472,153.7949396508381,500
elastic_net,2758.1129351849368,2479.1719673045873,0.1133347242098246,0.4893486995757783,0.3562607220000983,-0.26370608236144716,1827.5920595270054,2008.2950072358806,0.09976397395611136,0.48808205142845856,0.5299420083163937,0.08997233175490771,500
random_forest,2437.47998569832,921.7274499159996,1.6470088648319525,0.9293596274905289,0.49804829350677265,-0.46379842936100213,591.9994291324722,1572.5799427406284,1.6568020519088307,0.15423519848389344,0.41233869673986473,1.6695229351688492,500
adaboost,2835.860772646183,2509.7786372441633,0.13110557599304157,0.4766464665701591,0.3251683929512928,-0.3127552435099708,2025.4484246539719,2168.760888795561,0.07101355247851822,0.5878369808134271,0.6059876195005702,0.03336102682760804,500
mlp,2800.364687614103,1459.2959151389614,0.9297453130331895,0.822370993736157,0.3379244698518452,-0.5868148082226059,1097.021362298232,1991.604886079902,0.8214748467125765,0.29195033309050333,0.5030085554065042,0.7251677451096086,500
ridge,3106.1745436427614,1559.747747244103,0.9959071868371583,0.7975559031183577,0.18134626989134764,-0.7693550132372133,1164.8443602340426,2321.0028809123864,0.9944351245707768,0.2885141396916052,0.5679877700885042,0.9707538985048793,500
xgboost,2510.2088954597407,262.596485966004,9.139945697019257,0.9939911014719686,0.46839570021203214,-0.5287482397644805,155.44458820131993,1737.4990251776514,10.474873171727017,0.039834119677161946,0.4422604579397979,10.6295546635144,500
bagging,2442.2555775658548,909.4689114664527,1.6959345131169457,0.9313347496245864,0.49838915002284095,-0.46482885907257965,592.2275141983282,1594.344283627153,1.6966174339437383,0.1542049883481358,0.4164885254136773,1.7038955626010979,500
ensemble_voting_bg_mlp_gd_xgb,2411.650597430485,951.0536751622925,1.5627380885995952,0.9247669368374958,0.5109929174449234,-0.44723941279304374,710.6744788711786,1668.4520851389,1.371403905470444,0.19189026402879716,0.4277194768523862,1.233501722177073,500
svr_poly_rbf,3558.3589362631656,3571.2246937055947,-0.0010722205791720229,-0.058997462707278944,-0.06290155255992107,0.1669601246765687,2723.4674239289984,2723.4931889520726,0.0015412456335478718,0.6365511156816206,0.6365536847413009,0.000633458272125198,500
gradient_boosting,2506.702365240481,1616.6369878826154,0.5543497856799637,0.7828503839250582,0.4695549612736685,-0.3999275155014167,1241.5038476140567,1781.6660657350317,0.43636845992047624,0.35170153586116515,0.4737635904352965,0.3477593923289264,500
decision_tree,3149.266486775051,167.34167749145877,21.283949064360677,0.9973241953758766,0.15656330600906707,-0.8430484810551796,15.159574468085108,1802.1211914893618,136.6760668666863,0.003286891521598969,0.45516969159552045,162.92531542614728,500
elastic_net,2737.9662563015213,2477.266662351932,0.10792778318655635,0.49037431492838374,0.3699185549268827,-0.24417731004228593,1827.1525899988205,2009.161261426202,0.10200886577493899,0.48830095873376733,0.5305619864426963,0.0893047852406327,500
random_forest,2442.6991822273867,928.2506331577424,1.635134829780381,0.9283777918725186,0.49795908650261145,-0.4635722356566948,593.0908338272543,1593.06537845998,1.6883667052580105,0.15412819115185544,0.41613421531264316,1.697951140635197,500
adaboost,2864.933319588544,2522.865027405257,0.1379813029632571,0.4714634895353201,0.3078252019525628,-0.3465639823438925,2030.1810934415366,2186.001382992365,0.07827324194654806,0.5908800480736233,0.610459520345103,0.03308911705651276,500
mlp,2845.1550837857512,1490.3993022279342,0.9034854137511417,0.8129145105585242,0.31817540860278476,-0.6123412191004617,1111.4120311083702,1983.1957967919648,0.7799308109183599,0.27610824878282,0.45352395110413235,0.6420992257437866,500
ridge,3193.3038351558416,1554.8673443865669,1.057930857400089,0.7989854950900932,0.13859389598676436,-0.8251309651672036,1158.9582806934159,2375.7348480690102,1.0546734044683181,0.2866887657681724,0.5786236477636137,1.0225005242833454,500
xgboost,2560.732370049589,247.71815743527023,9.721784152765837,0.9947562193461452,0.4450030323226991,-0.5526189907705255,138.93077430140718,1746.6827525556848,11.748711880091054,0.03594814647108465,0.4418797120027696,11.397165891655169,500
bagging,2362.223991232967,914.1631350248679,1.6000107967457247,0.9305997100531707,0.5285365036115625,-0.4316673917448156,593.1912909055218,1545.3230046301928,1.6153069970168084,0.15454885848618144,0.41131838508638996,1.6952061491050572,500
ensemble_voting_bg_mlp_gd_xgb,2350.936098122826,919.2715596125754,1.5790802712359715,0.9297850516699058,0.5329641282833096,-0.42625619158544714,683.2788108850584,1636.4749349547678,1.4089795269715844,0.20011476983784018,0.4426931760392311,1.2331922437290026,500
svr_poly_rbf,3562.8708295381266,3571.58349764414,-0.0007414828948951513,-0.05903129998552785,-0.06300696229492808,0.13258467489620732,2723.5064992961625,2723.4926321333396,0.0022637205025107577,0.6365534880172707,0.6365510778206812,0.007751325755612127,500
gradient_boosting,2441.1737693465698,1603.5998342206685,0.5322072496764857,0.7861877066689248,0.4978070428124755,-0.3642668046880787,1233.234122957297,1741.2689850248128,0.41648973888192753,0.34973243629052647,0.46708271890179553,0.34688173868862965,500
decision_tree,2869.153219412793,171.05348882434345,18.297072080680216,0.9973258736826983,0.2984726704531413,-0.7008058001747381,15.159574468085106,1722.3446489361704,129.7779117719561,0.0033313185041908442,0.42325410644116357,147.65162760935505,500
elastic_net,2750.7723156439824,2477.3484358708383,0.11326270092719914,0.4902546446326636,0.36034868854756685,-0.25606251769509636,1827.9145529761506,2003.9005093092135,0.09848450078075666,0.4879956256999837,0.532558587778632,0.10260247461242562,500
random_forest,2373.2898833322406,920.9687553098826,1.5952281080005553,0.9294618599099997,0.524458632337509,-0.43515686986252006,587.8049268731003,1549.1544232168185,1.6431462479793069,0.15235422721690242,0.4124327979713631,1.7380848368603037,500
adaboost,2853.263234382387,2517.8740717684022,0.1362889828518832,0.473256818005716,0.3178400948814118,-0.3213775513060123,2026.4839072319744,2179.5659435438442,0.0769168598186026,0.5879907545281831,0.6068123016371878,0.040266717349687765,500
mlp,2730.954510749625,1394.6991326161717,0.9671141242459832,0.8380586874224466,0.3701761461257117,-0.5571585807064469,1040.822692746448,1957.0700542292864,0.8844667845719012,0.2683601006464368,0.4777645730199692,0.787419352087068,500
ridge,3104.2189585274036,1557.5081734112123,0.994625920887038,0.7985266394234587,0.17966331861373244,-0.7742857800019566,1163.3237952608415,2315.0340947421955,0.9898259992384453,0.2886698733484925,0.5558335116833415,0.9323049952698323,500
xgboost,2465.8281880570257,254.00160691933465,9.025350089205526,0.9945391277969525,0.4881036250470254,-0.5092725358089251,141.35163741740774,1690.4053181619845,11.2647710655581,0.03664250192575614,0.42192082558287425,11.06399884814656,500
bagging,2413.992001046647,919.8444503432078,1.6363769678323208,0.9296726743862136,0.5115150739206298,-0.4493063274946274,586.4664575785208,1556.1056928723406,1.65566119693545,0.15395981822738636,0.40482137922146205,1.6287657204978587,500
ensemble_voting_bg_mlp_gd_xgb,2379.52692298891,944.6767817514649,1.5247057269448898,0.9258437683521183,0.526032959264844,-0.4315775137350902,704.3082183345166,1628.4144265758155,1.3174963193456986,0.19904096922311765,0.42647449100650714,1.1406563903924034,500
svr_poly_rbf,3571.2764798524536,3572.2568423767852,-9.744518082754894e-05,-0.05899094872049595,-0.06103852419765836,0.07925874657148742,2723.583456550842,2723.565845697565,0.0004309892599997367,0.6365574322222056,0.6365567268996475,0.004098055814520496,500
gradient_boosting,2500.721787800865,1612.098681147802,0.5562485062690309,0.7839762053590527,0.47748161113535514,-0.389097946429669,1241.0836528890827,1796.9330675413912,0.4484997042276704,0.35220028412953014,0.4722616672317952,0.3400883193164063,500
decision_tree,3130.1112652713005,170.84023468581069,19.557880838985067,0.9973872577999308,0.17786006163270018,-0.8215092961173284,14.627659574468083,1815.455255319149,131.83376567641326,0.0032615046744036104,0.4688289491314195,151.9651329444278,500
elastic_net,2792.753203296573,2474.5680891753996,0.12937010794024176,0.49172674734628374,0.3488561993310778,-0.28676208226916877,1823.7628156014725,2029.781444580837,0.11321503864408697,0.48675354127402704,0.5356277624114766,0.10227263072714413,500
random_forest,2420.328097329154,926.552635896864,1.6274296401780919,0.9285627393695748,0.509149174752334,-0.45102828363966446,593.2430681585613,1568.9567992401214,1.6486436643299236,0.15500189865760525,0.4046371366980484,1.60954193428603,500
adaboost,2855.9575899446045,2526.240977595079,0.13153046369993465,0.46978582205006836,0.32048986644790417,-0.31007434441266607,2030.4572937060395,2175.2316686947256,0.07190411461892285,0.5890570935260587,0.6083670309330119,0.03316973260277578,500
mlp,2795.930075616586,1479.827294281638,0.8891525757023357,0.817849335319222,0.3456225278484677,-0.5791323000678965,1096.9834903621015,1989.070297901039,0.819289775670574,0.26940658946810864,0.460917684969777,0.7125772269368446,500
ridge,3137.227539282008,1564.1153878847413,1.0117683175088008,0.796807868196072,0.1716086370931694,-0.7819801532717702,1162.5025472931768,2333.850010296379,1.012110863448011,0.28847830149226544,0.5556394205993769,0.9274862192880324,500
xgboost,2449.092065977036,253.8922869405572,9.074984287908656,0.9944849681172944,0.4969552280787942,-0.5001699650551684,143.02201718594165,1666.5495140432802,10.953781547179485,0.037787272475205844,0.4216027140988001,10.326417110536966,500
bagging,2378.0032846579347,928.044780842627,1.5653388545244635,0.9285145764632092,0.5284054067633471,-0.43090685971870846,597.0975392540527,1556.5947207598786,1.6107671584314935,0.15627752306300158,0.4093936074124243,1.624781522205221,500
ensemble_voting_bg_mlp_gd_xgb,2345.5183795270964,948.6951824219559,1.4804593259842538,0.9250450076621289,0.5414982132400488,-0.41453146643273797,707.9084045876523,1625.4767572473197,1.3021737733283187,0.18820910311702702,0.42465396627742,1.259220986788185,500
svr_poly_rbf,3580.0071184546077,3585.6314138347625,-0.00039861760270698543,-0.06693924407522087,-0.06813117686939721,0.07278357519797038,2722.454349120399,2717.683288332251,-0.0013980144116408466,0.6304210644872617,0.6303201139116827,0.00030383285786701465,500
gradient_boosting,2478.468422031874,1613.5536820441173,0.5406561196842368,0.7838323078955174,0.4883095939519026,-0.3762990418309284,1247.3860275667444,1768.8344763201142,0.4203108196178995,0.35256015090159243,0.47215360683595914,0.3398842964297297,500
decision_tree,3124.088426347145,172.48423290046554,19.245913385904153,0.9973219307978651,0.16970282677033885,-0.8297720746133382,15.292553191489361,1794.5126595744682,126.96065605927602,0.003495493498817967,0.47133684348544913,151.59708045648267,500
elastic_net,2733.7240432534513,2478.382000592618,0.10485767848797085,0.49009311100160946,0.37691939962694515,-0.22684157945852707,1826.8903926604937,2006.8971379252878,0.09945822696330739,0.48791320218797907,0.5347670619151199,0.0978053982964336,500
random_forest,2394.3301339113677,916.615434381372,1.614094675519342,0.9302374634253189,0.5220871799696387,-0.43879258506336455,590.0529971023304,1562.5751055572441,1.6528908654852372,0.15601785969583856,0.41609893863669134,1.6770832037453076,500
adaboost,2817.1332037450875,2522.4150067993287,0.11862111922274525,0.4717327188302147,0.3390311997058893,-0.27738100959306433,2040.3862932892455,2164.975492814117,0.06273546323115572,0.5946270579744602,0.6132201995231311,0.03327605462452217,500
mlp,2764.5612917457083,1389.748424468132,1.0083392135100646,0.8383718542456556,0.358559313773684,-0.5687594071075384,1035.9776131852573,1964.1124944085495,0.9120176502353056,0.27259610645496746,0.4955446049386899,0.8352682647089041,500
ridge,3042.8095126719045,1568.500926133035,0.9429879204445697,0.7956465768598399,0.21388404601056094,-0.7292653015775201,1168.9680403995585,2244.636704500588,0.9245007153141888,0.2885964477356948,0.5517954051746671,0.9157140532721761,500
xgboost,2467.397884267882,262.0050851871234,8.568061905167564,0.994241735529318,0.4935895922487828,-0.5035510094229428,148.06026765409428,1695.653647600539,10.518171858553504,0.03872456845135856,0.4458639899609579,10.5630857370787,500
bagging,2441.6144727990218,902.4642880731117,1.708179452300295,0.932394305518985,0.5035461026628151,-0.45992945149388487,581.9271660321681,1585.8558114640325,1.7272919669991442,0.1519571635521682,0.4162936391115776,1.7432572386029457,500
ensemble_voting_bg_mlp_gd_xgb,2416.9461963672366,937.2994032180728,1.587520362036194,0.9270510222468419,0.5137939062668565,-0.44559889332375324,696.3960942126698,1675.5051891380178,1.41614346053641,0.20183418947953005,0.4473410038734157,1.2368683941196232,500
svr_poly_rbf,3583.7810483652233,3585.3162486381384,0.00016946471568877187,-0.0667561868809019,-0.06906259817225088,0.04790351307322922,2720.766079805996,2724.6259544016943,0.0017120886917674437,0.6302257821940921,0.6311117075667025,0.006903551732662172,500
gradient_boosting,2472.858378173504,1599.4513005458527,0.5473906151006702,0.7876504139590246,0.4910828485237467,-0.37647170357396903,1234.7691081827084,1772.7215007671493,0.43690502892291716,0.3510018652356299,0.4739266719576021,0.3593326093835775,500
decision_tree,3031.160423826386,170.63581563075905,19.515775273559047,0.9972852664808711,0.23496848821950095,-0.7644371196064988,15.558510638297872,1810.2722765957446,133.60894236810685,0.00350160514721685,0.43603685935660125,147.17357781260657,500
elastic_net,2884.650559956418,2470.6173026533706,0.16950192102553263,0.49330922330268284,0.3005550459941023,-0.3831085402650385,1819.6808388541353,2060.9215155874654,0.13398822894190116,0.4848912372255924,0.545349935703759,0.13105267550581012,500
random_forest,2422.0209991906286,907.4566595275877,1.679835019363469,0.9316518513632603,0.5111794474624254,-0.4510699853689575,589.7836266290949,1586.4525965856128,1.6960615461012616,0.15393691112311247,0.4144550611388871,1.7051549103051997,500
adaboost,2842.71613961373,2528.7866615825433,0.12531327303271067,0.4692937709771695,0.32745819614534166,-0.3009144728906819,2044.986397634295,2189.03657148496,0.07201871195192748,0.5943653006501279,0.6172701305769013,0.04023379385366414,500
mlp,3029.7445622472014,1507.7240053081623,1.0173195907807329,0.8111596789091786,0.2162606789117591,-0.7306786229455787,1118.721999590964,2040.5637101084217,0.825624048360924,0.26750878934816574,0.4797668592559276,0.8068749375576474,500
ridge,3336.9976314184014,1555.5762514069597,1.1502360919038441,0.7991364892064717,0.06914662133587941,-0.9121439550572872,1155.010123823718,2442.5942890755846,1.1195220894240399,0.28434222278302074,0.6090940693301076,1.1503010175756987,500
xgboost,2544.4312373782095,261.7248296867216,8.91605535298695,0.9941685170092965,0.4609524683844269,-0.5363946864079332,149.3448531685687,1742.8458810879322,10.985154908040348,0.03836833874100889,0.442008522818668,10.824182536049154,500
bagging,2363.248398231236,919.4794659789461,1.5823489333387566,0.9297619703323043,0.5301233880897304,-0.42959100855580346,592.5379674189462,1545.4723942350556,1.6132914332187063,0.15419332580058753,0.4034555344952194,1.6314069330185788,500
ensemble_voting_bg_mlp_gd_xgb,2341.869531937132,977.3966426449506,1.4054427206290285,0.920411876452991,0.5377893517959221,-0.4153221963250167,727.9200975125702,1625.2484522550662,1.2403048811850543,0.188600284511983,0.41974220875009693,1.2269367325742118,500
svr_poly_rbf,3562.827240007934,3571.6781444253656,-0.0008038840431689121,-0.05923612952916546,-0.06548091136846423,0.2780008765378868,2723.553853395072,2723.5619879357464,0.0011048081865334901,0.6365567115753219,0.6365585560517364,0.0027628845537039926,500
gradient_boosting,2462.6020097848245,1606.8051968487812,0.5375572746074498,0.7852081282088876,0.4886861481393382,-0.37666080286895526,1233.6436449215462,1773.9443683501763,0.43969027919755754,0.34943043129266893,0.47379331720592904,0.3551106121356281,500
decision_tree,3112.750793989921,172.08487593367164,19.769221290141026,0.9973309629573904,0.1815965913996562,-0.8179600705501648,15.425531914893616,1804.9787872340426,129.85290565663868,0.003356705351386203,0.4645222908323965,167.70541268655322,500
elastic_net,2705.141842207698,2482.1765145320605,0.09272555058727742,0.4883241297255946,0.38343762671915477,-0.20932908540420989,1829.2365402944718,1987.3993104198653,0.08820667993401335,0.4885252720741272,0.5278829270162241,0.08347166440557005,500
random_forest,2364.9737014120915,925.8579248184094,1.5667510956270037,0.9287742902986057,0.5286739720356384,-0.43046955718235375,593.0109966008106,1549.3746786778115,1.6209627653222554,0.1541433208649075,0.40776828794576475,1.6573417686390488,500
adaboost,2826.1239679941605,2510.0519292285308,0.12816245671141796,0.4766557445847074,0.3250694367198059,-0.31225365918137715,2018.1147875675954,2166.2037301233736,0.07508518978920746,0.5844036468040819,0.602524831150371,0.03363358907221885,500
mlp,2680.4447193269452,1506.3242612751135,0.7858640789465297,0.8092193767698532,0.3956367204516503,-0.5100954707577019,1142.8813923754672,1909.9466631584914,0.6838928994572282,0.2959910116185111,0.47408065618339157,0.6332992275512886,500
ridge,3184.5396067963825,1554.3023935722542,1.0522127034409998,0.7993543222668774,0.14243595423960223,-0.8213091291766466,1163.112540041677,2349.8555906079214,1.0230280821283446,0.28643124856069685,0.5850692389751877,1.051045297935752,500
xgboost,2483.600747681014,266.16536759274516,8.519644127159452,0.9940661319641482,0.4798427163163936,-0.5173091261712833,149.8868207274092,1697.6509923926817,10.51959707727259,0.038941081220576386,0.44373206492597816,10.598026593380304,500
bagging,2408.0432705412377,909.0519106939985,1.6537472650424587,0.931308590709613,0.511655146718996,-0.4504089101342985,584.1173244592198,1583.9546957700102,1.7191101617568285,0.1541070225294034,0.4177981795062065,1.7212973366269808,500
ensemble_voting_bg_mlp_gd_xgb,2364.6585698864483,970.7471162694168,1.4509350785466146,0.9213109540725395,0.5280474762113542,-0.42617076870680454,722.5180001165966,1638.4062460132143,1.283481494591385,0.18336285630380392,0.4151983311731442,1.269638354678586,500
svr_poly_rbf,3564.0550466139794,3571.766165833216,-0.0007173985236017088,-0.059192800872881965,-0.06507212729264178,0.2334269281268763,2723.556617766424,2723.5562266569227,0.0011414062170342688,0.6365564780193174,0.6365580720265266,0.006131386142545358,500
gradient_boosting,2487.431382335738,1598.6111322453728,0.5635679972500759,0.787439598350633,0.4762074024723302,-0.3930282889517729,1231.5447598887208,1787.4746551019264,0.4548157838151236,0.34697399871600176,0.4723709300536642,0.3654721579467031,500
decision_tree,3047.321308339378,161.68650863891614,24.596162480236654,0.9973768722317466,0.21855291883500289,-0.7807568577401492,14.361702127659573,1794.7424999999998,178.4584331,0.003201664248871696,0.42244116039949403,227.83971384773685,500
elastic_net,2775.137419043298,2477.4714878729114,0.12177242343855191,0.4900507096927134,0.3472180217096596,-0.28235266390749525,1828.3607277304877,2018.0922240912253,0.10556611229869435,0.48766162976673383,0.5353736701784491,0.09991458131979129,500
random_forest,2396.2657248972196,908.5970430501682,1.6391786771699,0.9313761778125478,0.5166381456372606,-0.44521064398369187,585.7307699024823,1578.981661945289,1.6998915704989095,0.15125621118080107,0.41680364966856764,1.768572725706116,500
adaboost,2828.4602381448335,2518.0348095099353,0.12375613281902327,0.4731078133652643,0.325291821132489,-0.3097949888435179,2040.7270114674564,2160.292493832362,0.05916838459154059,0.5919599626756729,0.6099229667968877,0.03444422274275201,500
mlp,2679.304750292996,1412.1366978790302,0.9070121888975408,0.8337478471800883,0.39316792391980276,-0.526053271141023,1051.3769929063533,1867.5215328708164,0.7843877202101541,0.26784608505639934,0.46132878015416984,0.7239839863775593,500
ridge,3009.757514036156,1571.6625201977579,0.9176082650494248,0.794724935285313,0.23665666277045722,-0.7013490385348592,1171.4168587169308,2241.9898418480616,0.9168885124949948,0.28935364042644274,0.5594286337909027,0.9386289881814565,500
xgboost,2521.754060863238,250.39819179342913,9.550072484022966,0.9946200641646303,0.46425440136089124,-0.5331349541209655,141.82746451227717,1755.6266246259972,11.630149318782761,0.03700890505169659,0.4484714829552775,11.412747827965251,500
bagging,2357.3359557212207,916.37259277516,1.5861239225272876,0.9302898843176075,0.5358178868821849,-0.4239639264512215,590.0095033194023,1568.6087457953395,1.67499375823895,0.15342935824717738,0.41488747325056624,1.7116025494758298,500
ensemble_voting_bg_mlp_gd_xgb,2311.261479617186,921.0388246364897,1.5228488998589074,0.9295374584368306,0.5543409670479621,-0.40363559531297943,687.1160725667678,1610.0253296004703,1.3508750554337667,0.19093169679205305,0.43212682483353576,1.2619501693569481,500
svr_poly_rbf,3580.558852240345,3584.598314559128,0.00016748117992777535,-0.06662096340600825,-0.07102255041734255,0.05092358792614489,2721.54004496579,2721.4368035888906,0.000549190549735279,0.6301182245834067,0.6315426971262728,0.0040792611761386825,500
gradient_boosting,2443.0750053237366,1618.4391964080696,0.5221032556774461,0.7825100259830251,0.5020279423375478,-0.3567114508895844,1247.7165624002428,1744.9650040354215,0.4060597833890201,0.3535494283412418,0.468610998878916,0.327151627100348,500
decision_tree,3100.0041463768102,167.98950639620216,21.703786400479743,0.9973265477281641,0.19146325224603516,-0.8081834012210601,15.159574468085106,1847.9658723404252,151.0240137386426,0.003331318504190845,0.4630911255273328,174.3080867539474,500
elastic_net,2714.594028241319,2478.777845888633,0.1005352843025206,0.4900023848023654,0.38494875559962666,-0.20644109389847146,1826.4213424139132,2003.0535340266747,0.09971037134978802,0.4872211273085519,0.5350373083589953,0.09885693071422785,500
random_forest,2331.7744106006367,926.3297127168598,1.5358623498100676,0.9287858005355236,0.5459812353434577,-0.41184411223127804,593.7837525595238,1548.617677320162,1.623219328001436,0.15486807855912663,0.411880965471833,1.6659287383854895,500
adaboost,2808.2122461254635,2519.266519483116,0.12018404110045669,0.4732268938398961,0.34065080816357735,-0.27472892121570824,2025.4359018153107,2150.4662000622316,0.06666227156789248,0.5886311886945885,0.6068537540402748,0.030758648744570107,500
mlp,2630.0347720260315,1505.137024442352,0.7468102039536483,0.8114034211811992,0.4208607786405819,-0.4820440761192165,1128.844924271722,1896.8736472082187,0.6798434901767241,0.2735937829219718,0.4632381209540683,0.7012840105938231,500
ridge,3173.527156325763,1559.3231523990883,1.0456918226130039,0.7979625328625828,0.15229434661277824,-0.8065014785785923,1164.7827112580485,2350.7166406997144,1.0267285785533211,0.2863435198414682,0.5857865172847048,1.047456977225704,500
xgboost,2430.4582139266104,261.6711556413694,8.618244892324324,0.9941464521154619,0.5057364245741217,-0.49131292940798443,151.09928133863085,1696.6038298132066,10.357035529502458,0.039293002726079364,0.4405426502323612,10.449193629242782,500
bagging,2389.2500615617982,904.5611453066601,1.6415151896195759,0.9319963192728633,0.5201265477259541,-0.4418286530657948,584.7186811043566,1567.2865311296857,1.683220488875839,0.1535268418476091,0.4166703977242152,1.73926706593612,500
ensemble_voting_bg_mlp_gd_xgb,2352.0074036180717,932.2158238192885,1.5314818801888357,0.9277864769305534,0.5359688509160467,-0.4222887528117279,692.2280948888202,1612.1814457301225,1.3374062593230112,0.202860354214293,0.44777267011137656,1.2570098495419937,500
svr_poly_rbf,3563.2316742743446,3571.7522816240903,-0.0009396875239608526,-0.05889626196575062,-0.06026235837355074,0.03552420962046965,2723.5451190758763,2723.5763502240725,0.0011632695185604725,0.6365558997240097,0.6365584436869732,0.006228889285555361,500
gradient_boosting,2471.194841098847,1594.2245822972102,0.551522499777889,0.7889551886948916,0.48536308907928094,-0.38436284100776497,1234.3602045589219,1781.5661782139389,0.4443885834226576,0.34806795928531997,0.48131386374042934,0.39250200298541077,500
decision_tree,3188.7167095658415,172.08175911941757,19.67227885652034,0.9972625473390628,0.13553949761536296,-0.8641112285605917,15.425531914893616,1825.8338829787233,138.5815155454191,0.003356705351386202,0.4804682688277725,192.28027677596543,500
elastic_net,2755.6203067434208,2476.9407215258047,0.11326881861182869,0.49054144418967327,0.3591627766075076,-0.2635797600642667,1825.9782863743396,2010.804876161513,0.10182493894739245,0.48674283140077934,0.536646491128575,0.10820761339857307,500
random_forest,2408.7129699730513,916.6745368911888,1.629190538510994,0.9302345647372301,0.5125740790851632,-0.44894249467276576,588.5207090514184,1569.1449723404255,1.6679183674628622,0.15239512166128533,0.4141168954484094,1.7376563583555211,500
adaboost,2810.603360073252,2532.14508842665,0.11120441180182974,0.467598604082364,0.3388546178279011,-0.27307391079881344,2044.7719341210297,2165.6248666241836,0.0604184564248796,0.5945250615198813,0.60864410029373,0.03265071365214038,500
mlp,2809.5534007983565,1586.806962116572,0.7999931640754749,0.7863560670622557,0.33761433691256953,-0.5634368964872353,1180.7814018135848,1967.0661222787053,0.691064821763139,0.2926977839068694,0.49610303280956564,0.6780093005041035,500
ridge,3307.2042037496262,1544.4340253819228,1.1461397762132042,0.8018794138658822,0.0769350702233206,-0.902788139726491,1152.6800429489952,2408.7522866889913,1.093310626209093,0.28309346900896026,0.6117382799059152,1.177391085366557,500
xgboost,2407.3994364127166,264.29306812887927,8.118955463285564,0.9941671496450265,0.5139739845627862,-0.48302753873573356,149.4565121703452,1641.710923396983,10.262826776493535,0.03930089320939499,0.4399401470054209,11.135381443398064,500
bagging,2434.3847816766743,921.5229655528113,1.6539663869687586,0.9294795879179946,0.5019582883962032,-0.4595934254496729,588.1745430737083,1584.6464668743665,1.7044496645703542,0.15457780825905051,0.4117593855778279,1.6938426579650983,500
ensemble_voting_bg_mlp_gd_xgb,2390.2607032871206,926.2152308619789,1.6021297519572908,0.9285786321143291,0.5208341648154171,-0.43846773180913007,688.7673776963044,1649.7088909835918,1.4132728200801281,0.19333884710099802,0.4282483786771298,1.2381558454272514,500
svr_poly_rbf,3568.8756883384585,3572.0697869628652,-0.00027046274858111286,-0.059195750189724006,-0.06440377256087718,0.19822986347445815,2723.564437052807,2723.578014269218,0.0006686848321259653,0.6365533068669272,0.6365552642346348,0.00877831883484843,500
gradient_boosting,2540.3451507634027,1616.7019220004884,0.578183818949829,0.7828882888836551,0.4602681637125433,-0.41091689875835496,1242.8344530622694,1819.1113858343183,0.46915951567299985,0.35037016728544296,0.4817642939119823,0.39233501046175767,500
decision_tree,3300.0576398152466,164.81690698953298,23.857110116725337,0.9973897675582515,0.08733400023732316,-0.9123397460205638,14.361702127659573,1907.7572872340425,153.36798235420875,0.0032016642488716953,0.4955322808077022,173.57877499997392,500
elastic_net,2730.78035658937,2478.771657687839,0.10447407903035759,0.4899230164720952,0.3753978576899074,-0.22713241169844448,1826.8608877178406,2008.2351438015678,0.10301076565851679,0.48865164461820987,0.5312532795776869,0.09950881915131986,500
random_forest,2423.9513611601938,921.1344062130498,1.6421777832693472,0.9295163716901614,0.5057334286457349,-0.4556814708031112,589.0358567059269,1584.3176889007093,1.6970968137776534,0.1537801460725205,0.41298471235172285,1.7004589802457477,500
adaboost,2850.0163632570925,2526.5967141832407,0.13029177102436612,0.4700533203592746,0.3203903436166093,-0.313823319949983,2038.5821148801238,2178.7142647965716,0.07118167543699556,0.592844466566772,0.6091705184035417,0.03922479125031693,500
mlp,2705.420868203618,1582.574456255219,0.7225333560012455,0.7906000647553465,0.3826202406306972,-0.5187441493619283,1182.1699722330973,1888.2038059291754,0.6035120128829957,0.2669752486175194,0.4100164436098793,0.5393303763735444,500
ridge,3175.1444624183523,1552.5255672962749,1.048036987919886,0.7997926568647857,0.15456463870757206,-0.8060339902581287,1160.7399792496465,2373.760889711796,1.048328183712012,0.2880762774094453,0.5704599085741482,0.9951009715573746,500
xgboost,2468.432443632791,257.9111491194275,9.045207860932114,0.9942752938287199,0.48862826096432127,-0.5084344505705726,149.68613638695248,1707.097784086187,10.87989740622769,0.03893597068608546,0.43537352251048655,10.803437104340002,500
bagging,2401.154569554766,928.2225564518678,1.5895056686381785,0.9284628274760349,0.5134068897380933,-0.4470601933531114,596.0166335093718,1558.604623693009,1.6178840177176106,0.15546794460891025,0.40761950052954365,1.6318996563653418,500
ensemble_voting_bg_mlp_gd_xgb,2379.1937010632064,970.6971446173095,1.4766140316968237,0.9212860454350708,0.5215791228145408,-0.43415579461204235,727.5050560197926,1638.6893635755648,1.282657356358473,0.1955247071394533,0.4228199568926726,1.1600087086319517,500
svr_poly_rbf,3578.725511245472,3584.7616523038296,-2.5346371222312314e-05,-0.0668890369598166,-0.0735348558051693,0.23496501669319655,2721.669665485736,2720.895972008117,0.0017865661991278037,0.6300549122767057,0.6317854458208965,0.008268161380323557,500
gradient_boosting,2525.0110754875623,1609.9529613667928,0.5707132755542157,0.784502804739283,0.4628404536797926,-0.4089645347016523,1241.961830174238,1801.81554979026,0.4525718510506108,0.35126082961605454,0.47523388304932446,0.3565259202713723,500
decision_tree,3083.8279288882304,167.90208166366335,21.72745327936081,0.9972645861216829,0.1962880204364272,-0.8032123207675743,15.82446808510638,1792.8382446808512,151.24135478169933,0.003526991994412207,0.4309393199340977,174.12089727154984,500
elastic_net,2743.7196324925535,2478.3138698342314,0.10864406938855971,0.48984872959569686,0.3649370104787204,-0.24965494710560626,1825.4400626804122,2015.581359670492,0.10563401410936746,0.48779970341726075,0.5322168293215264,0.09846102413138791,500
random_forest,2392.6288858457306,920.616067835301,1.5994061687224632,0.9296051598728358,0.5160960511057706,-0.4447869768686579,593.6877329470618,1559.6681064437687,1.6288267141548807,0.15482556659187624,0.4047611772911825,1.6189818747431672,500
adaboost,2837.524852499154,2512.176504781235,0.13022278118721808,0.47576074050270806,0.3235995515667255,-0.31816071988292977,2021.6404077213006,2179.586210310269,0.07866297867169311,0.58744533066081,0.6099186021061284,0.04323061223845472,500
mlp,2859.8211906507895,1517.2608736719017,0.8827892542914615,0.8086033505727102,0.2991319461708816,-0.6337384872399108,1152.1893070473805,2036.9242011361534,0.7674588130263498,0.2974733045890233,0.49309783966026927,0.672348705187115,500
ridge,3152.806425171663,1553.8006258707323,1.0348555995547613,0.799312721136957,0.1548787347916425,-0.8034918472141935,1162.1532567968952,2318.1107625970285,1.0012144328936086,0.2858157753380774,0.5637255462646201,0.9794977930163167,500
xgboost,2490.0722973999896,276.3182809846697,8.353082178451276,0.9934276836467639,0.47553136375792493,-0.521297217406084,164.9197269751366,1695.9981170524436,9.539590473424955,0.04281517003654744,0.4275184311250248,9.00493240952468,500
bagging,2404.953345031293,918.6924061473383,1.6308836231577684,0.9298778277542097,0.511632215450486,-0.4495868480835051,590.6141313500507,1551.1875565501518,1.6357254208541625,0.15367958316165947,0.41302621846362453,1.6985563911983275,500
ensemble_voting_bg_mlp_gd_xgb,2376.380396962811,926.5157425003587,1.5703627690227926,0.9286753393343951,0.5224739151730919,-0.43736033162287996,685.8640297886935,1633.0795226579899,1.383641365365514,0.19567099504922056,0.43687847708225014,1.2384505574613456,500
svr_poly_rbf,3555.9418745672933,3571.264772694667,-0.0015734284114176321,-0.05928177007097757,-0.06711670669693914,0.31787713304811965,2723.530962941568,2723.558593816917,0.001504249810657643,0.6365550510745973,0.636553807559497,0.0020889300419767885,500
gradient_boosting,2472.859763291598,1619.550107403456,0.5286499084373374,0.7819375975488703,0.4826538261653083,-0.38245667368245484,1243.9074489608088,1774.8965011116936,0.4270260809528411,0.3528244142887212,0.4746669808120795,0.3468092226100326,500
decision_tree,3340.769844604757,169.8637966446999,20.925798007485007,0.9973955051695393,0.0565455216327698,-0.9433502718927743,14.627659574468087,1934.6170106382979,144.7475822789916,0.003227051096067053,0.48135097244642305,165.33719290729505,500
elastic_net,2760.031877707194,2475.5010183185514,0.11729408159403765,0.4908069316846177,0.350267840264177,-0.28118388587669935,1821.8563234295823,2026.4967653847884,0.11341334281507938,0.4875442519842864,0.5327645845153263,0.0947055657942218,500
random_forest,2409.955442223939,930.744803124672,1.602481922518829,0.9280237324653399,0.5097373548033091,-0.4505473077913895,592.4295370022796,1565.656497360689,1.6528763766733774,0.15459069391648672,0.41778630564308383,1.7121852955876846,500
adaboost,2856.9806414548357,2527.851920142322,0.13294632513015076,0.4689468952861898,0.30476810240675134,-0.3471136029033473,2038.513386952121,2185.714199560913,0.07494998457783372,0.5943828398081156,0.6137096550146485,0.03254407511656421,500
mlp,2764.736222610008,1526.0460497121535,0.8348485369296293,0.8015518082133772,0.35009244802731193,-0.5603468199851929,1131.0120373310704,1944.1467426676368,0.7396394069882035,0.2720227368337646,0.458337107634582,0.6902533855221439,500
ridge,3143.303310392581,1557.979304498517,1.0223968445871763,0.7983903574124275,0.1610659967119326,-0.7981095930491767,1161.679514450281,2344.460286831899,1.022429042442792,0.28789894083153666,0.5800180029632871,1.0130727100627825,500
xgboost,2492.35811488456,251.83028809821536,9.343121755867779,0.9945962291241397,0.4718317223242644,-0.5255635859376189,141.28880098902926,1703.316068920379,11.457622786148367,0.03709040218122668,0.4455574710410882,11.491650818006033,500
